word,count
b'author',2
b',',30054
b'recommends',1
b'title',1
b'date',1
b'\n',9999
b'wkch6217',63
b'4',574
b'[',10106
b'\xd3\x91\xd5\x93',2842
b']',10104
b' ',26873
b'\x9aW\xd6\xde',71
b'\xc3\xf7\xd0\xc7',17
b'\xea\xa0',138
b'vs',205
b'\xd6\xd0\xc4\xcf\xc3\xc0',1
b'\xcc\xdf',227
b'3',615
b'\x88\xf6\xd5l\x84\xd9\xcb\xe3',1
b'\xb4\xf3',91
b'7',5685
b'/',10016
b'31',102
b'12',663
b'\xd0\xc2\xc2\x84',2986
b'C',244
b'\xc1_',303
b'\x8c\xa2\xb5\xd6',1
b'\xb6\xbc\xec`',1
b'\xc3\xf7\xcc\xec',8
b'\xe9_\xca\xbc',41
b'\xd3\xc8\xce\xc4',13
b'\xc9\xfa\xd1\xc4',9
b'\xc6\xb1\x83r',1
b'\xebS\xcb\xfb',1
b'\xb1\xa9\x9dq',3
b'10',789
b'\xc5\xc4\xd0\xc2\x8fV\xb8\xe6',1
b'\xd5\x84',7
b'\xbc\xd9\xcb\xa4',44
b'\x83\xc8\xf1R\xa0\x96',202
b':',2241
b'\xbb\xa8',8
b'\xba\xdc\xb6\xe0',31
b'\x95r\xe9g',55
b'\xbd\xd3\xca\xdc',5
b'\xc5\xfa\xd4u',8
b'iamshana',107
b'9',433
b'\xbf\xb4\xcb\xa5\xcc\xec',1
b'\x83r\xba\x9e',1
b'\xc4\xc3\xc6\xc2',1
b'\xc0\xef',10
b'\xd6\xf7\xcf\xaf',39
b'\xa3\xba',710
b'\xd7\xe6\xce\xc4',3
b'\xcc\xd8\xcb\xb9',3
b'\xcd\xe6',5
b'8',465
b'01',378
b'23',428
b'\xc8\xab\xc7\xf2',19
b'\xca\xd7\xd6\xa7',6
b'\xd3\xc0\xc0m',2
b'\xd7\xe3\xc7\xf2',648
b'\xa3\xa1',461
b'\xc7\xf2\x86T',132
b'\xc8\xe3\xcb\xd8',2
b'\xb4\xa9',12
b'\xb5\xcd',11
b'\xcc\xbc\xc7\xf2',2
b'jack86326',12
b'2',672
b'\xc7\xe9\x88\xf3',108
b'\x90\xdb\xa0\x96\xdf_\x8c\xa2',1
b'\xdeD\xb2\xa5',106
b'U',2
b'-',339
b'20',372
b'\xc5\xae\xd7\xd3',10
b'\xca\xc0\xbd\xe7',877
b'\xb0\xa0',925
b'\xe9_\xc4\xbb\x91\xf0',6
b'snow02262',1
b'Re',1591
b'\xd3\xb0\xc6\xac',221
b'\xb7\xa8\x87\xf8',263
b'\x87\xf8\xbc\xd2\xea\xa0',61
b'\x8aZ\xb9\xda\xbco',3
b'\xe4\x9b\xc6\xac',5
b'(',199
b'TF1',3
b'\xeb\x8a\xd2\x95\xcc\xa8',11
b')',192
b'02',400
b'cycling',47
b'6',4419
b's9553001',15
b'\xcc\xa8\x9e\xb3',226
b'\xd4\xc2',282
b'\xc5e\xdek',18
b'\x88\xf6\xd3\xd1\xd5x\xd9\x90',1
b'\xa1\xa1',475
b'\x91\xd1\xcc\xd8',1
b'\xb8\xd0',5
b'metz1552',13
b'0',1388
b'\xc7\xb0',51
b'\xc4\xab\xce\xf7\xb8\xe7',98
b'\xd6\xf7\x8e\x9b',37
b'Aguirre',1
b'\x8c\xa2\x88\xcc\xbd\xcc',1
b'\xb0\xa3\xbc\xb0',30
b'1',701
b'\xcf\xe0\xb8\xf4',1
b'44',37
b'\xc4\xea',141
b'\xd6\xd8\xb7\xb5',4
b'\x81\x86\xd6\xde',47
b'U19',3
b'\x9bQ\xd9\x90',95
b'\xc8\xa6',3
b'\xc4\xd0\xd7\xe3',44
b'\xb7e\x98O\x82\xe4',1
b'\x91\xf0',44
b'03',389
b'\xb5\xc2\x87\xf8',447
b'\xc6\xe7\xd2\x95',5
b'\xa0\x8e\xd7h',20
b'\xb6\xf2\xfdR\xa0\x96',9
b'\xb8\xd0\xd6x',10
b'\xb1\xf8\xb9\xa4',3
b'\x8fS',2
b'\xc7\xf2\xc3\xd4',322
b'\xcf\xe0\xcd\xa6',3
b'zero00072',2
b'\xbco\xc4\xee',2
b'\xe2n',1
b'\xb5\xc4',1814
b'\xc0\xd7\xc9\xe4',1
b'\x98\xcb',1
b'\xbb`',35
b'HiranoMiu',108
b'\xb1\xac',498
b'2018',186
b'\xd9\x90\xb3\xcc\xb1\xed',10
b'5',581
b'05',304
b'raysbuck',45
b'"',200
b'\xb9\xab\xb8\xe6',234
b'\xc6\xda\xe9g',12
b'\xb0\xe5\xd2\x8e',4
b'2018.06',2
b'.',128
b'15',560
b'\xd0\xc2\xd4\xf6',2
b'\xbd\xfb\xb1I',1
b'\xb0\xe6',28
b'09',450
b'AlexDelPiero',46
b'\xcc\xd4\xcc\xad',106
b'\xd9\x90\x95x\xbc\x89',2
b'\x8c\xa6',200
b'\x91\xf0\xb1\xed',2
b'29',404
b'balcony5566',44
b'LIVE',81
b'FINAL',2
b'France',7
b'Croatia',10
b'hsnuoscar',3
b'\xbdo',14
b'\xd0\xc2\xca\xd6',13
b'\xc2\x9a\x98I',23
b'\xc2\x93\xd9\x90',54
b'\xd9\x90\xbd\xe9\xbdB',11
b'joanzkow',220
b'\xba\xdc\xbf\xec',2
b'\xbe\xcd',115
b'\x95\xfe',163
b'\xb1\xbb',249
b'\xcd\xfc\xd3\x9b',2
b'\xd5\xfd\xc8\xe7',1
b'\xc4\xe3',72
b'\xd2\xd1',42
b'\xcd\xfc',9
b'\xc1\xcb',676
b'\xbc\xd9',4
b'\xd2\xdf\xc3\xe7',1
b'27',460
b'\xf1R',86
b'\xb0\xcd\xcb_',4
b'\xb0\xd1',35
b'\xc3\xb7\xce\xf7\xd9u',1
b'\xbdo\xc1_\xf1R',1
b'\xce\xd2',159
b'\xb2\xc5',33
b'39',60
b'\xc8\xd5\xc3\xbd',3
b'\xd6\xd0\xb3\xac',14
b'\xd6\xbb\xd3\xd0',27
b'\xe5X\x84e',2
b'\xb2\xbb\xd0\xd0',47
b'\xcb\xf9\xd2\xd4',13
b'\xd2\xc1\xc4\xf9\xcb\xb9\xcb\xfe',3
b'11',673
b'\xb0\xcd\xc8\xfb\xc2\xa1',11
b'\xbc{',11
b'\xbe\xe3\x98\xb7\xb2\xbf',7
b'\xc4\xd0\xc5\xae',2
b'\xd2\xbb\xc6\xf0',10
b'\xb4\xee\x99C',1
b'\xc5\x93',1
b'Fw',284
b'\xb6\xed\xc1_\xcb\xb9\xd7\xe3\x85f',1
b'\xc5c',108
b'\xd6\xf7\x8e\x9b\xc0m\xba\x9e',1
b'+',59
b'\xba\xcf\xbcs',2
b'28',602
b'realtw',12
b'\xc8\xd5\xb1\xbe',424
b'\xc7\xb0\xd6\xf7\x8e\x9b',2
b'\xb9\xfe\xc0\xfb',1
b'\xbb\xf4\xbc\xbe',1
b'\xc6\xe6\xa0\xee',1
b'\xb8\xe6\xd7\xe3',1
b'\x85f\xb0\xb8',1
b'\xe9_\x8c\x8f',1
b'Osorio',1
b'\xb2\xbb\xc0m',1
b'\xc8\xce',3
b'sadmodand',1
b'19',455
b'\xdfB\xbdY',86
b'\x87\xf8\xebH\xb9\xda',1
b'\xdc\x8a',149
b'VS',69
b'\xb0\xcd\xc0\xe8',11
b'\xc2}',4
b'\xc8\xd5\xb6\xfa\xc2\xfc',7
b'\x83\xc8\xf1R\xa0\x96\xd7\x83',2
b'\xd9\x80\xc9\xf1',1
b'\xb5\xc2\xd6\xdd',1
b'\x93\xe4\xbf\xcb\xd9\x90',1
b'\xb5\xda',47
b'\xd9\x8d',15
b'65',18
b'\xc8f',31
b'38',59
b'\xcd\xe2\xc3\xbd',4
b'\xc6\xd8\xc3\xb7',1
b'\xce\xf7\xee\x8a',1
b'\xc1\xf4',2
b'\xb0\xa2\xb8\xf9\xcd\xa2',523
b'\xb5\xab\xed\x9a',2
b'\x9dM\xd7\xe3',5
b'\xc9\xea\xdek',13
b'\xd2\xc9\x8aW\xb2\xbd',1
b'\xbf\xa8\xdf_',23
b'\xd4\xe2',34
b'\xb1\xac\xc1\xcf',6
b'\xca\xb9\xd3\xc3',9
b'\xb0\xb5\xba\xda',1
b'\xca\xd6',30
b'\xb0\xa3',2
b'\xc3\xb7\xc0\xef',1
b'\x95\xfe\x9e\xe9',1
b'\xb6\xf2',6
b'\xfdR\xa0\x96',4
b'\xb6\xa8\xd6\xc6',1
b'\xd7\xee\xbc\xd1',43
b'\xce\xbb\xd6\xc3',6
b'\xcb\xfb',56
b'\xca\xc7\xae\x94',1
b'\xd7\xe3\x85f',26
b'\xcf\xeb\xc0m',1
b'\xbcs',12
b'\xb8\xe7\xbc\xae',1
b'\xbd\xcc\xee^',45
b'\xd5f',70
b'\xb2\xbb',247
b'hazel0093',1
b'\x86\x96\xd8\xd4',5
b'2006',9
b'\xc1x',32
b'\xb4\xf3\xc0\xfb',36
b'\xca\xc7',506
b'\xc9\xf5\xfcN',20
b'\xcb\xae\x9c\xca',9
b'\xa3\xac',391
b'\xb4\xf2\xb7\xa8',6
b'\x87\xf8\x95\xfe\xdaA',2
b'\x86\xe1',721
b'\xa3\xbf',1199
b'30',324
b'\xc3\xc0\xd7\xe3',2
b'\xc2\x93\xd9\x90\xca\xd7',1
b'\xdfM\xc7\xf2',134
b'\xf4\x94\xc4\xe1',7
b'\xb7\xc0\xca\xd8',45
b'\xb0\xa4\xd7\xb2',1
b'\xd1\xaa\xc1\xf7\xc8\xe7\xd7\xa2',1
b'\xd0\xc2',15
b'\xd6\xfa',4
b'\xc6\xcf\xcc\xd1\xd1\xc0',80
b'\x9aW\xe5\\\x8aZ',1
b'\xb9\xda',90
b'\xc4\xea\xc7\xb0',18
b'\xd4\xf8',19
b'\xba\xcf\xd3\xb0',2
b'tim1112',11
b'wenen',2
b'\xd0\xc4\xb5\xc3',658
b'\xb9\xd9\xb7\xbd',16
b'\xbeW\xd3\xd1\xc6\xb1',4
b'\xdfx',18
b'\xba\xc3\xc7\xf2',8
b'\xbd\xe2\xd5f',1
b'\xe9f\xc1\xc4',59
b'\x9av\xca\xb7',42
b'\xc9\xcf',86
b'\xbd\xf1\xcc\xec',55
b'chewie',5
b'\xd7\xdf\xdfM',2
b'\xe5\\\x98\xcb\xd9\x90',1
b'\xa3\xad',10
b'\xca\xa2\xd1\xe7',1
b'\xc9\xa2\x88\xf6',1
b'\xe1\xe1',224
b'24',475
b'ppdev',1
b'272',23
b'\x94\xb5\x93\xfe',49
b'awhat',14
b'\xbe\xdc\x9e\xe9',2
b'\xd0\xa7\xc1\xa6',4
b'\xd5\xf0\xf3@\xb5\xc2\x87\xf8',1
b'\xc9\xe7\x95\xfe',1
b'khsiuol',17
b'\xcd\xcb\xb3\xf6',22
b'56',32
b'\x8c\xa3\x99\xda',3
b'Ozil',4
b'\x9e\xe9\xb5\xc2\x87\xf8',1
b'\xd5\xe6\xd0\xc4',4
b'\xb7\xee\xabI',1
b'\xc8\xd4',16
b'\x94\xb3\xb7N\xd7\xe5',1
b'CHERYL7',11
b'\xd6\xd8\xcb\xbc\xb5\xc2\x87\xf8',1
b'\x87\xf8\xd7\xe3',14
b'\xa3\xaf',82
b'\xd7\xe5',2
b'\xd6\xf7\xc1x',2
b'mbeki',2
b'21',323
b'\xa1\xb7',119
b'\xb0\xdd\xc8\xca',12
b'\xbf\x82\xb2\xc3',1
b'\xb9\xab\xe9_',6
b'\xa1\xb8',206
b'\xdf@\x8e\xd7\xc4\xea',4
b'leviliebe',4
b'\xc3\xbd\xf3w\xd4u',1
b'\xca\xc2\xbc\xfe',7
b'\xd2\xc6\xc3\xf1',7
b'\xc8\xda\xba\xcf',1
b'\xbf\xd5\xd6\xd0',3
b'\xe9w\x98\xc7',1
b'iloveumoneyc',8
b'The',3
b'Best',1
b'FIFA',186
b'Men',1
b"'",10
b's',9
b'Player',1
b'\xc8\xeb',5
b'\x87\xfa\xd5\xdf',1
b'iamnotgm',2
b'73',21
b'\x86\x96\xee}',2018
b'Ronaldinho',6
b'\xc4\xb3\x82\x80',2
b'\xcd\xa3',4
b'\xb8\xdf\xbf\xd5',4
b'\xc7\xf2\x84\xd3\xd7\xf7',1
b'\xd4\xf5\xfcN',183
b'\xd7\xf6',28
b'?',1363
b'25',362
b'momocom',12
b'\xcd\xc1\xb6\xfa\xc6\xe4',5
b'\xbf\x82\xbdy',24
b'\xca\xa2',10
b'\xd7\x93',31
b'\xfdR',1
b'\xa0\x96',6
b'\x9f\xe1\x90\xdb\x87\xf8\xbc\xd2',1
b'\xc3\xf1\xd7\xe5',4
b'\xa1\xb9',185
b'18',546
b'\xd5\xb2\xbb\xca',3
b'\xd0\xe8\xd2\xaa',9
b'\xebS\x95r',1
b'\x81\xed\xeb\x8a',1
b'\xc8\xf0\xb5\xe4',109
b'\xcf\xc8\xc9\xfa',12
b'26',335
b'81',10
b'\xb4\xf3\xdfM\xc7\xf2',4
b'ddkkz2003',7
b'\xc9\xad\xb1\xa3\xd2\xbb',1
b'\xbd\xd3\xc8\xce',2
b'\xbf\x82\xbd\xcc\xbe\x9a',22
b'Aurona',1
b'denverkober',4
b'13',484
b'NTUMuller',1
b'46',48
b'\xcd\xdb',1
b'\xbf\xbf',25
b'\xd2\xb0\xc9\xfa',1
b'\xd7\xf3',12
b'\xba\xc3\xd3\xd1',4
b'\xbd\xd2\xc3\xd8',3
b'\xd5\xe6\x8c\x8d',3
b'\xb2\xee\xfcc',5
b'\xb4\xf2',64
b'\xc6\xb9\xc5\xd2\xc7\xf2',1
b'\xd2\xbb\xfcc',8
b'\xc9\xb3',2
b'\xbb\xf9\xc0\xfb',1
b'\xbb\xd8\x91\xaa',8
b'\xc3\xfb\xcb\xde',7
b'\xb8\xf9\xb1\xbe',16
b'\xb2\xbb\xcf\xb2\x9ag',1
b'\xc0\xfb\xce\xef',1
b'43',37
b'\xca\xc0\xd7\xe3',301
b'\xc8\xcb\xba\xf2',3
b'\xc3\xb7\xce\xf7',279
b'\xeeI\xe3\x95',3
b'\x83\xc8\xf1R\xa0\x96\xc2\xe4',1
b'krad0127',1
b'France1998',1
b'FIFA98',1
b'22',413
b'amoroe13',1
b'\xb0l\xb1\xed\xc2\x95\xc3\xf7',1
b'Verola',23
b'\xeaP\xec\xb6',34
b'Modric',5
b'\x82\xce\xd7C',1
b'\xd5f\xb7\xa8',2
b'\xe1\x8d',1
b'\xc7\xe5',2
b'sillycee',4
b'82',6
b'Corluka',1
b'\xcd\xea',26
b'\xdf@\x8c\xc3',62
b'\xbe\xcd\xd2\xaa',5
b'\xbdY\xbb\xe9',1
b'dro001',8
b'\xd5\x88',79
b'\x86\x96\xb1\xbe\x8c\xc3',1
b'\xd3\xd0',476
b'\xbb\xf2',33
b'\xcd\xc6\xcb]',15
b'\xd9\x90\xe1\xe1\xd4u',3
b'\xd5\x93',7
b'\xb1\xed\xb0\xd7',1
b'\xc4\xb7\xb0\xcd',59
b'\xc5\xe5',22
b'\xcc\xd8\xca\xe2',1
b'\xb8\xd0\xc7\xe9',2
b'\xc7\xf2\xd0\xc7',48
b'\xe4\x9b\xd3\xb0',2
b'\xdft\xb5\xbd',1
b'70',18
b'\xb7\xd6\xe7\x8a',35
b'\x88F\xea\xa0',7
b'\xb1\xac\xb4\xd6',2
b'\xbf\xda\xc8\xc7\xd7h',1
b'kobilly',17
b'\xb9\xda\x81\x86',5
b'\xbb\xd8\xe0l',1
b'\xca\xa2\x9br',2
b'\xc0\xee\xcb\xc4',4
b'\xb6\xcb\xb5\xc4',4
b'\xeb\x85\xb6\xcb',4
b'Lingetals',1
b'\xb1\xa9\x84\xd3',8
b'\xd0\xa1\xd8\x88',2
b'\xc8\xe7\xba\xce',71
b'\xb2\xdf\x84\x9d\xc1\xee',1
b'\xc6\xd5\xbe\xa9',8
b'\x8c\xc0\xde\xce',10
b'\xca\xc0\xbd\xe7\xb1\xad',105
b'61',27
b'IOP14759',3
b'kk999999',109
b'\xb3\xac\xc3\xcd\xe9T',1
b'\x8c\xa2\xbb\xd8',2
b'\xedn\x87\xf8\xd7\x83',1
b'\xb7\xb2\xc8\xcb',1
b'\xca\xd6\xc7\xf2',48
b'\xb3\xd4\xbct\xc5\xc6',2
b'lamer',5
b'hisaken',7
b'\xb5\xc2\x87\xf8\xd7\xe3\xc3\xcb',1
b'\xf1g\xb3\xe2',1
b'\xfdR\xa0\x96\xb7N',1
b'\xd6\xb8\xbf\xd8',2
b'ttomoee',4
b'X2',85
b'\xb5\xc2\x87\xf8\xd7\xe3',2
b'\x85f\xc2\x95',1
b'\xc3\xf7\xb8\xe5',1
b'\xcd\xcb\xea\xa0',4
b'\xd2\xbb\xca\xc2',1
b'evilcherry',62
b'36',55
b'ck326',85
b'\xb3\xac\xfd\x8b',1
b'\xb4\xf3\xbc\xd2\xd7\xe5',1
b'17',480
b'\xc8\xcb\xbc\xaf\xf3w',1
b'\xc2\xc3\xd0\xd0',1
b'\xbe\xdb\xb2\xcd',1
b'\xaa\x9a\xc8\xb1',1
b'\xd0\xa1',50
b'\xd7\xe3\xc7\xf2\xc3\xf7\xd0\xc7',5
b'\xb3\xb0\xc5\xaa',4
b'\xb8\xe3\xd0\xa6',13
b'\xcf\xc2\xc1\xee',3
b'\xb2\xbb\xca\xc7',41
b'\xc9\xcf\xc9\xed',3
b'\x83r',2
b'\xd7\xee\xb8\xdf',13
b'maylong0928',1
b'\xd5\x88\x86\x96',46
b'\xcd\xea\xd5\xfb',4
b'\xb1\xc8\xd9\x90',141
b'\xc4\xdc\xb7\xf1',8
b'\xca\xd5\xb2\xd8',2
b'\x88\xcc\xbd\xcc',6
b'\xc4\xdc\xc1\xa6',9
b'\xb1\xc8\xdd^',32
b'\xb5\xc2\xc9\xd0',6
b'\xc0\xd5\xb7\xf2',23
b'\xc0\xad\xb6\xc8\xbc{',21
b'\xcf\xaf\xb5\xa4',8
b'\xc4\xea\xb6\xc8',3
b'\xe9T\x8c\xa2',70
b'\xca\xa7\xd5`',6
b'\xbc\xaf',1
b'\xbf\xcb\x87\xf8',18
b'\xbd\xcc\xbe\x9a',48
b'Dalic',1
b'\xb4_\xb6\xa8',17
b'\xc1\xf4\xc8\xce',5
b'tontontonni',12
b'53',24
b'\xd7\xee',170
b'\xbe\xab\xb2\xca',28
b'\xc7\xf2\xd9\x90',12
b'\xc4\xc4',60
b'\x8e\xd7\x88\xf6',7
b'\xd4\xe2\xc7\xf2\xea\xa0',1
b'\xe9_\xb3\xfd',7
b'\xab@\xca\xc0\xd7\xe3\xd9\x90',1
b'\xe3y\xc5\xc6',2
b'\xbf\xcb\xc1_\xb0\xa3\xce\xf7\x81\x86',119
b'cgi0911',27
b'peilovepapa',1
b'\x83\xc9',8
b'\xbd\xcc',9
b'SP500',11
b'\xd6\xbb',36
b'\xd9\x90\x88\xf6',3
b'\xc9\xf1\xd3\xc2',1
b'\xc5\xe0\xf0B',3
b'\xd2\xb2',96
b'PrinceBamboo',38
b'\xb2\xbb\xb9\xd6',1
b'\xc0\xad\xb6\xc8',15
b'\xbc{\xc5\xad',3
b'\xdeZ',11
b'\x9b]\xc8\xcb\xc4\xdc',1
b'\x82\xf7\xc7\xf2',13
b'\x9b]',205
b'\xd9Y\xb8\xf1\xeeI',1
b'\xc7\xb0\xe4h',29
b'\xcd\xcb\xbb\xd8',1
b'HIKONA',6
b'85',17
b'\x87\xf8\xebH',17
b'\xb9\xda\xdc\x8a\xb1\xad',2
b'\xe9_',32
b'\xb5\xc2\xb7\xa8',5
b'\xd3\xa2\xce\xf7\xc1x\xc4\xc4\x87\xf8',1
b'\xc7\xe0\xd3\x96',4
b'\xd7\xee\xba\xc3',16
b'kodaayu',1
b'\xca\xc0',31
b'\x86T',35
b'\xc1\xc3\xc3\xc3',1
b'\xd5Z\xe4\x9b',1
b'07',422
b'\xb6\xfe',14
b'\xb8\xfc',31
b'\xbc\xe6',3
b'\xea\xa0\xdaA',2
b'\xb1\xac\xb7N\xd7\xe5',1
b'\xd5J\xcd\xac',4
b'\xb8\xfc\xd0\xc2',9
b'nuturewind',17
b'smallsix',1
b'\xca\xc0\xd7\xe3\xd9\x90',172
b'\xdf\\\xd3\xc3',4
b'\xc4\xc4\xd0\xa9',13
b'AI',1
b'\xbc\xbc\xd0g',7
b'2018ESPY',1
b'\xca\xc0\xd7\xe3\xca\xb7',2
b'\xcd\xac\xd2\xbb',9
b'\xc8\xcb\xcd\xac\x88\xf6',2
b'\xdfM',67
b'\x83\xc9\xdf\x85',3
b'\xc7\xf2\xe9T',11
b'\xd2\xaa',143
b'\xae\x94\xdfx',5
b'\xca\xc0\xbd\xe7\xd7\xe3\xc7\xf2',8
b'\xbe\xdf\x82\xe4',2
b'\xc4\xc7\xd0\xa9',7
b'\x97l\xbc\xfe',5
b'\xc4\xd8',36
b'lkjhj888',1
b'chao0201',3
b'\xdf@\x82\x80',17
b'\xb0\xe5',19
b'\xb2\xbb\xc4\xdc',67
b'\xae\x94\xd7\xf7',2
b'RX00',8
b'baozi',7
b'Waka',2
b'MV',2
b'\xd1e\xc3\xe6',2
b'\xb3\xf6\xacF',12
b'\xb1\xc6\xc6\xbd',5
b'\xd5\xf0\xba\xb3',3
b'\xb1\xf9\x8du',69
b'\xdeo\xc2\x9a',6
b'yenyu73',12
b'\xbf\xcb\xc1_\xb0\xa3',38
b'\xce\xf7\x81\x86\xdf[\xd0\xd0',1
b'\xdf[\xb4\xac',1
b'\xba\x9e\xb3\xaa\x95\xfe',1
b'\xbf\x82',46
b'\xd5\xfb\xc0\xed',22
b'\xb0\xcd\xce\xf7',545
b'\xd2\xbb\xcc\x96',1
b'\xdeD\x95\xfe\xd9M',4
b'\x84\x93',5
b'\xbco\xe4\x9b',29
b'62',11
b'\x8cW',5
b'\xb4\xf2\x92\xdf',1
b'\xb8\xfc\xd2\xc2\xca\xd2',5
b'\xd6\xd0\x87\xf8',75
b'\xbeW\xd3\xd1',27
b'\xcb\xe1',24
b'\x90\xdb\xa0\x96\xdf_',108
b'FB',21
b'maxhung',1
b'\xaa\x9a\xbc\xd2',1
b'\xd4L\x86\x96',2
b'\xeeA\xb8\xe6',4
b'@',10
b'\xb1\xb1\xbe\xa9',2
b'\xca\xc0\xd7\xe3\x84\x82',1
b'\xbf\xc9\xc4\xdc',56
b'\xbd\xfb\xd9\x90',8
b'\xc4\xce\xbc\xb0',27
b'\xc0\xfb\x81\x86',31
b'\xb8\xe3',12
b'\xc5\xc9\xcf\xb5',1
b'\xf4Y',1
b'\xb4\xf3\xbc\xd2',128
b'Perisic',1
b'\xba\xcd',118
b'Mandzukic',1
b'\xd3\xd0\xca\xb2\xfcN',11
b'\xd4u\x83r',6
b'\xc7\xf2\x86T\x91c',3
b'\xd7\xa3\x84\xd9\xc0\xfb',3
b'\x94z\xd3\xb0\x8e\x9f',3
b'\xc2\xf1\xc6\xf0',3
b'\x81\xed',121
b'\xb4\xf3\xebu',1
b'\x8aZ\xb9\xda',107
b'\xb6\xba\xc8\xa4',1
b'\xd0\xa1\xca\xc2',1
b'0720',1
b'gatawiselot',1
b'\xd6\xd0\xc8A\xeb\x8a\xd0\xc5',4
b'Hami',24
b'\xcd\xcb\xd7\xe2',2
b'\xd6\xb1\xb2\xa5',33
b'\xd6\xd0',67
b'Lorazin',5
b'\xcc\xa8\xb1\xb1',20
b'\xb8\xdf\xbc\x89',1
b'\x88\xf6\xb5\xc4',6
b'maruEX',17
b'\xc5e\x87\xf8',2
b'\x9ag\x91c',5
b'\xd3\xad\xbd\xd3',8
b'\xb4\xf3\xc1\xa6\xc9\xf1',9
b'\xca\xc7\xb2\xbb\xca\xc7',540
b'\xd7C\xc3\xf7',13
b'\xba\xda\xc8\xcb',28
b'\xb6\xe0',103
b'\xdf\x80\xca\xc7',72
b'\xb1\xc8',158
b'\xdd^',53
b'\xc3\xcd',19
b'41',53
b'\xb8\xf7\xb7N',6
b'\xc4\xc3\xb5\xbd',8
b'\xbct\xc5\xc6',20
b'\xb7\xb4\x91\xaa',16
b'iseedeadman',19
b'Wardyal',6
b'\xd3\xd0\xc8\xcb',130
b'\xb8\xfa',167
b'\xd2\xbb\x98\xd3',44
b'\xdf\x80\xb2\xbb',1
b'\xd6\xaa\xb5\xc0',34
b'\xd4\xbd\xce\xbb',22
b'\xe1\xc8\xc6\xf0',4
b'\xc3\xc0\xc5\xae',10
b'k10055960',1
b'\xbb\xd8\xee\x99',13
b'\xb6\xed\xc1_\xcb\xb9',120
b'\x8cW\xb5\xbd',2
b'14',665
b'\xd6\xd0\x88\xf6',40
b'\xb1\xa3\xc1_\xc4\xe1\x8aW',1
b'\xc8\xeb\xdfx',1
b'75',13
b'\xb2\xbb\x9e\xe9',1
b'\xe5X',24
b'\xb6\xf8\x91\xf0',5
b'\xbd\xfc',7
b'1600',1
b'\xc8f\xca\xc0\xd7\xe3',2
b'\xaa\x84\xbd\xf0',4
b'\xc6\xb1\xdfx',2
b'\xc8\xcb',154
b'\xb9\xab\xb2\xbc',13
b'sister4949',3
b'\xd6\xc2\xbe\xb4',5
b'\xb3\xac\xd0\xc2\xd0\xc7',1
b'\xb9\xab\xc5\xa3',1
b'\xab@',16
b'\xc3\xfc\xc3\xfb',1
b'iriki77',1
b'\xd5l',123
b'\xcf\xb2\x9ag',16
b'\xbf\xb4\xb5\xbd',30
b'PK',93
b'\xd9\x90',74
b'hahabis',1
b'\x9e\xe9\xba\xce',68
b'\xd4\xf6\xbc\xd3',11
b'\x93Q\xc8\xcb',11
b'\xc3\xfb\xee~',9
b'\xcf\xeb\xd2\xaa',3
b'\x83\xba\xd7\xd3',3
b'\xbb\xd8\xc2\xfc\xc2\x93',1
b'\xc4\xb8\xd3H',2
b'\xc4\xc7',26
b'\xd6e\xd4\x92',1
b'GonVolcano',13
b'\xa1\xb1',6
b'\xc0\xfb\xd3\xc3',4
b'\xb2\xc3\xc5\xd0',124
b'\x91\xf0\xd0g',36
b'sfw2579',18
b'\x91\xf0\xcf\xc8',1
b'\xd3\xd0\xc0\xfb',3
b'amy3563867',1
b'\x9e\xe9',430
b'\xca\xb2\xfcN',430
b'\xd2\xd4\xc7\xb0',8
b'\xc7\xf2\xd1\x9d',1
b'\xb6\xcc',2
b'jordanlove',6
b'\xd4\xbd\x81\xed',4
b'\xd4\xbd\xc9\xd9',1
b'overtop2',11
b'peter308',23
b'movierice',51
b'\x91\xaa',8
b'\x8fU\xb3\xfd',22
b'\x9e\xf5\xfd\x88\xc7\xf2',23
b'\xd3\x8b\xb7\xd6',1
b'!',507
b'cjrmt',6
b'\x8aW\xcb\xb9\xbf\xa8\xbc\x89',1
b's910',30
b'leonjapan',70
b'Facebook',2
b'\xbd\x9b\xb5\xe4',4
b'\x95r\xbf\xcc',6
b'\xc3\xfb',10
b'herohiro',3
b'\xbdY\xca\xf8',32
b'\xbf\xd5\xcc\x93\xb8\xd0',2
b'KYALUCARD',2
b'95',6
b'burdette',33
b'2022',33
b'\xd9r\xc2\xca',27
b'\xd3\xd6',60
b'\xbb@\xc7\xf2',9
b'\xb0\xf4\xc7\xf2',12
b'\xcd\xac\x95r',14
b'\xb6\xbc\x8f\x8a',3
b'\x87\xf8\xbc\xd2',28
b'PEA2',1
b'90',17
b'\xc3\xc0\xb9\xa4',173
b'\xb8\xd0\xd6x\xbf\xcb\xc1_\xb0\xa3',1
b'\xce\xf7\x81\x86\xc7\xf2\xea\xa0',1
b'\x8e\xa7\xbdo',2
b'\xdf@',43
b'\xc3\xc0\xba\xc3',4
b'\xd2\xbb\x82\x80',34
b'eric03170427',1
b'jack801016',5
b'\xbco\xc4\xee\xc7\xf2',2
b'\xd9\x8f\xd9I',4
b'\xd1\xc0\xd9I\xbc\xd3',1
b'\xe9W\xeb\x8a',3
b'\xb2\xa8\xcc\xd8',3
b'\xd3\xd0\xcd\xfb',35
b'\xb0\xc4\xb3\xac',1
b'\xd4\x87\xd3\x96',1
b'\xd6\xdc',4
b'\xb8\xf7\xb5\xd8',3
b'\x9f\xe1\xc1\xd2',1
b'\x9ag\xd3\xad',7
b'\xc7\xf2\x86T\xb9\xe2\x98s',1
b'\xb7\xb5\xe0l',1
b'16',920
b'\xcd\xac\x98\xd3',3
b'\xb1\xbe\x9d\xc9\xf1R\x95\xfe',1
b'\xb8\xf1\xd7\xd3',10
b'\xb5\xc3',67
b'\xb2\xee',30
b'\xcb\xae\xcd\xb0',36
b'\xc3\xfb\x86\xce',55
b'\xf4[\xb0\xe5',2
b'\xd3\xc0\xbe\xc3',6
b'MiharuHubby',3
b'\xd9\x90\xb3\xcc',19
b'\x95r\xcf\xde\xb4\xf3',1
b'\xec\xb6',29
b'\xcb\xc4\xc4\xea',31
b'\xb0\xeb',5
b'\xd6\xae',42
b'\xd0\xdd\xcf\xa2\xcc\xec',1
b'\x94\xb5',3
b'\xd3\xb0\xed\x91',18
b'ChrisDavis',25
b'\xba\xc0\xe9T',10
b'\xc7\xf2\xea\xa0',68
b'\xc4\xb8\xb9\xab\xcb\xbe',5
b'littlerocket',2
b'\xe0l\xc3\xf1',27
b'\xba\xdc',136
b'\xca\xec\xb8\xdb',1
b'\xb3\xac',14
b'aaaccccc1',3
b'\xb1\xb3\xc5\xd1',1
b'\xb7\xc5\x97\x89',6
b'\x89\xf4',18
b'\xcf\xeb',104
b'\xd0\xc2\xbc\xd3\xc6\xc2',6
b'\xc9\xd9\xc4\xea',11
b'suikxptt',2
b'\xea\x90',14
b'\xba\xc6\xac|',1
b'\xb1\xb1\xbf\xd8',1
b'\xbd\xe2\xbcs',1
b'chooxs',3
b'\xef\x8b\xba\xde',4
b'\xc4\xaa',12
b'\xb5\xc2\xc0\xef\xc6\xe6',11
b'\xdaA\xb5\xc4',4
b'\xd2\xbb\xb6\xa8',12
b'Kiran',12
b'\xc8\xe7\xb9\xfb',116
b'\xb2\xa9\xca\xbf',1
b'\x8cW\xce\xbb',1
b'\xdf\\\x84\xd3\x86T',2
b'\xc4\xc3',37
b'\xbd\xf0\xc5\xc6',2
b'\xb3\xc9\xbe\xcd',7
b'\xdf\x80\xca\xc7\x8c\xa2',1
b'gunnimom',1
b'\xb1\xbe\x8c\xc3',92
b'\xca\xae\xb4\xf3',4
b'\x95r\xba\xf2',12
b'\xb3\xf6',43
b'mobley2005',5
b'\xd6\xae\xc2\x95',1
b'\xbdy\xd3\x8b',10
b'\xb8\xf7\xb4\xf3\xc2\x93\xd9\x90',1
b'\xd4\xda',383
b'\xb1\xed\xacF',23
b'NT300',6
b'\xb3\xf6\xcd\xb0',1
b'\xc3\xfb\x9e\xe9',1
b'\x8c\x8d\x84t',1
b'\xb0\xcb\xc4\xea',2
b'=',13
b'\xb7\xc7\xd6\xde',35
b'\xce\xaf\x83\xc8',1
b'\xc8\xf0\xc0\xad',1
b'\xca\xc7\xb7\xc7',2
b'\xeb\x85\x95\xfe',1
b'2019',2
b'\xc4\xea\xca\xc0',1
b'\xbe\xe3',6
b'vincentgotu',4
b'Griezmann',5
b'loves',1
b'Rose',1
b'\xb8\xc4\x98\xcb',1
b'\xa3\xa9',11
b'\xf4\x94\xc4\xe1\xc3\xc0\x87\xf8\xcc\x8e',1
b'\xc5\xae\xd0\xe3',1
b'\xc7\xf2\x88\xf6',20
b'\x85s',27
b'\xb5\xf4',12
b'\x99\xda\xb8\xcb',1
b'\xd4\xd2',17
b'\xb5\xbd',92
b'\xd3\x9b\xd5\xdf',17
b'cjol',14
b'\xb0\xa2\xb1\xe2',3
b'\xb0\xbe\xd2\xb9',7
b'\xbf\xb4\xca\xc0\xd7\xe3',41
b'\xb9\xda\xdc\x8a\x91\xf0',33
b'\xd4u\xbf\xcb\xc1_\xb0\xa3\xce\xf7\x81\x86',1
b'cedca',1
b'57',25
b'\x8f\xc4',37
b'\xd2\xbb\xb6\xf8\xbdK',1
b'\xcd\xac\xc7\xf2\xea\xa0',1
b'summerbaby',1
b'\xbc\xd3\xd3\xcd',43
b'\x8fV\xb8\xe6',20
b'SouthernFire',9
b'\xbb\xd8\x9aw',2
b'\x88D\xcb\xb9',11
b'\xd4\xd9\xc0m',1
b'\xc7\xb0\xbe\x89',1
b'teramars',48
b'\xc5\xe5\xc3\xb7\xe9_',1
b'\xb6\xfe\xb6\xc8',7
b'\xa1\xa2',133
b'\xb1\xc8\xc0\xfb',287
b'\x95r\xbd^',1
b'\x9a\xa2',15
b'ruler2',1
b'\xd1\xfc\xb2\xbf',1
b'\xb9\xc7\xd5\xdb',1
b'\xdf\x80\xd4\xda',4
b'\xea\xa0\xe9L',20
b'\xe9L',45
b'\xb9\xc8\xb2\xbf',9
b'\xf4Y\xd6\xbe',2
b'\xf3@\xc8\xcb',4
b'cat886688',1
b'\xd3\xa2\xd0\xdb',15
b'\x9aw\x81\xed',3
b'\xb7\xa8\x87\xf8\xee\xa5\xdf`',2
b'fen1110',2
b'bitchmanine',1
b'\xe9_\xd9\x90',6
b'\xd2\xc0\xd5\xd5',1
b'\xea\x87\xd0\xcd',9
b'tsoumoo1988',2
b'\xc3\xfb\xc8\xcb',3
b'Remi',3
b'ssscg',1
b'\xaf\x82\xca\xc0\xd7\xe3',14
b'\xd6\xec\xc1\xa2\x82\x90',2
b'\xd6\xb8\xca\xbe',3
b'\x87\xf8',17
b'\xb8\xdf\xd6\xd0',1
b'\xcd\xc6',8
b'\xdf\\\x84\xd3',53
b'\xb7\xd6\xcf\xed',108
b'\xc1\xf9\xbc\xfe',1
b'\xeaP\xec\xb6\xb5\xc2\x87\xf8',2
b'\xb2\xbb\xbf\xc9',3
b'\xb2\xbb\xd6\xaa',5
b'\xca\xc2\xc7\xe9',7
b'tsuyoshi2501',19
b'ronnyfrc22',1
b'william11136',10
b'\xcc\xa8\x9e\xb3\x81\x86\xdf\\',1
b'\xd3\xd1\xd5x\xd9\x90',7
b'DORAQMON',8
b'g5566',4
b'Mordecai',4
b'Po',1
b'\xd5\xd5',3
b'\x92\xdf',2
b'\xd0\xdd\xcf\xa2\xca\xd2',6
b'\xb9\xa4\xd7\xf7',5
b'\xc8\xcb\x86T',5
b'\xd4\xe2\xbd\xe2\xc2\x9a',1
b'\xdeD\xe4\x9b',4
b'\xcc\xa8\x9e\xb3\x87\xf8\xbc\xd2',1
b'\xdaA\xb5\xc2\xb1\xfb',1
b'deeder1',1
b'45',32
b'Robben',1
b'\xa3\xa8',10
b'2014',43
b'Spain',4
b'NeymarJr5566',12
b'\xb7\xa8\xbc\xd7',4
b'\xdeD\x95\xfe',4
b'\xefL\xb2\xa8',3
b'PSG',6
b'\xb8\xdf\x8c\xd3',6
b'\xb1\xc8\xbf\xcb',5
b'\xb0\xa3\xce\xf7\x81\x86\xc5\xae',1
b'\xf3@\xc6G',2
b'\xc8\xcb\xb7Q',1
b'\xb5\xda\xd2\xbb',83
b'\xc5\xae\x83\xba',1
b'POWERSERIES',7
b'\xc2\x93',3
b'\xcd\xcb\x94\xb3',2
b'\xbd\xe2\xc3\xdc',2
b'\x82\xf7\xc6\xe6',24
b'49',31
b'\xd7\xee\xcb\xa5',1
b'\xea\xa0\xce\xe9',28
b'\xbd\xfc\xc4\xea',5
b'\x8f\x8a\x84\xdd',5
b'\xca\xc7\xb7\xf1',57
b'\xb7\xc7\xd2\xe1',4
b'\xd3\xd0\xeaP',21
b'\xcf\xa3\xcd\xfb',34
b'\x88A\xca\xc0\xd7\xe3\x95\xfe',1
b'\x83\xc8\xd9\x90',9
b'51',50
b'\xd7\xee\xbdK',6
b'\xc5\xc5\xc3\xfb',18
b'sandysam',1
b'beck0617',2
b'\xb6\xfe\xd0\xc7',3
b'\xc7\xf2\xd2\xc2',84
b'thuplayer',2
b'\xcf\xc2\x8c\xc3',14
b'\xb5\xc8',30
b'\xce\xe5\x82\x80',2
b'\xd4\xd9',58
b'\xd2\x8a',21
b'\xca\xb7\xc9\xcf',34
b'\xdf^\xd7u',26
b'\xb6\xbc',173
b'\x9e\xf5\xfd\x88',10
b'amy93',1
b'\xb7\xa8\x87\xf8\xea\xa0',38
b'\xb5\xd8\xe8F',1
b'\xd5\xbe',11
b'\xcb\xfb\x82\x83',17
b'\xb8\xc4\xc3\xfb',2
b'50',35
b'2008',1
b'2010',4
b'\xce\xf7\xb0\xe0\xd1\xc0',139
b'\xacF\xd4\xda',53
b'\x85\x96\xba\xa6',13
b'mosQ',1
b'\xb8\xe8\xc7\xfa',4
b'Igraj',1
b'moja',1
b'Hrvatska',1
b'\xc4\xcf',34
b'\xedn\x81\x86\xdf\\',1
b'\xb3\xf6\xa0t',23
b'\x8cO\xc5d',36
b'\xed\xaa',4
b'\xd3\xf1\xc3\xe6',1
b'\xca\xd7\xb4\xce',7
b'\xcc\x96\xc7\xf2\x86T',1
b'\xdfB\xe9T\x8c\xa2',1
b'IronHand',2
b'35',57
b'gn02234651',1
b'\xd3\xa2\xb3\xac',48
b'\x8c\xa6\xb7\xa8\x87\xf8',4
b'\xd0\xc2\xd0\xc7',11
b'Benjamin',3
b'Pavard',3
b'\xce\xf7\x81\x86\x87\xf8\xbc\xd2\xea\xa0',1
b'\xb7\xb5\x87\xf8',8
b'\xbd\xd3\x99C',4
b'TexasHoldem',8
b'\xb7\xa8\xc3\xbd',3
b'\xbf\xb2\xcc\xd8',2
b'\xd2\xf2\xc4c',1
b'\xce\xb8\xd1\xd7',1
b'\xb6\xf8',14
b'\xb0l\x93]',3
b'\xd2\xbb\xb0\xe3',4
b'PTT',2
b'\xacF\xd3\xd0',1
b'\xce\xe5\xb4\xf3',7
b'Anderson0819',7
b'\x95r',198
b'\xd3\xd2\xdf\x85',2
b'......',11
b'2000',2
b'\xb8\xf7\x8c\xc3',1
b'\xc0\xe4\xe9T',3
b'\xbc\xb0\xb9\xda',2
b'\xdc\x8a\xd6\xae\xc2\xb7',1
b'\xd2\xe1',2
b'\xbf\xc9\xd2\xd4',115
b'\xdfx\x93\xf1',15
b'\xbc\xd3\xc8\xeb',23
b'\xc4\xb8\x87\xf8\xc7\xf2\xea\xa0',2
b'chiu0938',4
b'\xeaP\xec\xb6\xd3\xa2\xb8\xf1\xccm',2
b'\xb6\xed\x87\xf8',7
b'\xdek\xb5\xc3',1
b'\xb4\xf2\x8e\xd7\xb7\xd6',2
b'100',5
b'\xa3\xa5',16
b'\xc1\xf4\xd4\xda',3
b'\xbb\xca\xf1R',25
b'\x95\xfe\xca\xa7',2
b'surenas',1
b'\x86\x96\xd2\xaa',1
b'\xc8\xa5',61
b'\xc4\xc4\xd1e',38
b'\xbf\xb4',196
b'\xb1\xbe\xb4\xce',4
b'\xcf\xe0\xeaP',7
b'\xd4u\xd5\x93',8
b'matico',1
b'jessica805',4
b'\xc4\xcf\xc3\xc0\xd6\xde',6
b'\xd6\xd0\xbf\xb4',1
b'\xb2\xbb\xd6\xd0\xd3\xc3',1
b'59',24
b'\xc1x\xbc\xd7',5
b'AC',2
b'\xc3\xd7\xccm\xd0\xa1\xbd\xe9',1
b'\xc5\xdc',16
b'\xc0\xad\xcb\xc9',2
b'\xbb\xf2\xbe\x9a',1
b'\xb6\xcc\xc5\xdc',1
b'\xb8\xe3\xee^',20
b'\x82\x90\xb6\xd8\xb5\xd8',1
b'\xe8F\xc4\xcf\xe9T',1
b'\xa1\xb0',5
b'\xbc\xd3\xc0\xd7\xcb\xb9',1
b'\xcb\xf7\xcb\xb9\xc9w',1
b'\xcc\xd8\xd5\xbe',1
b'\xd0\xc2\xcd\xf5',1
b'\xc5\xa3',2
b'\x9aq',22
b'\xd5\xb2\xc4\xb7\xcb\xb9',5
b'\xb2\xbb\xbc\xb0',2
b'\xb7\xd6',19
b'kinple',5
b'\xca\xd5\xd2\x95',6
b'7.49',1
b'\xb7\xc7\xd4\xad\x98\xcb',2
b'hahaha0204',120
b'\xdf\\\xb2\xca',27
b'\x9f\xe1\xe4N',2
b'\x83|',16
b'\xb7\xa8\xbf\xcb',5
b'\xefj',1
b'\xd0\xc2\xb8\xdf',3
b'8.5',2
b'37',75
b'\x82\x80',36
b'\xbe\xab\xdfx',1
b'RedEireE',1
b'\xd6\xae\xe1\xe1\xd2\xaa',1
b'\xc4\xc4\x82\x80',25
b'\xbc\xaf\xba\xcf',2
b'\xca\xa7\xcd\xfb',23
b'\xc8\xcb\xc3\xfb',57
b'\x86\xce',58
b'\xb5\xc2',21
b'\xb9\xda\xdc\x8a\xb7\xa8\x87\xf8',1
b'quick01',1
b'FIFATV',2
b'chenken',2
b'\xd2\xbb\xb4\xce',22
b'\xd3X\xb5\xc3',50
b'\xb8\xd0\x84\xd3',12
b'yeadean',11
b'\xb9\xda\xdc\x8a\xd9\x90',38
b'\xc3\xe2',2
b'\xb1\xf8\xd2\xdb',4
b'\xd7\xee\xe1\xe1\x99C\x95\xfe',2
b'\x91O',33
b'\xdaw',5
b'\xd9t\xb5v\xb4_',1
b'\xb6\xa8\xb3\xf6',3
b'\xc8A\xd2\x95',41
b'\xdf_',6
b'13.57',1
b'\x84\x93\xd0\xc2',1
b'pups914702',1
b'\xc8\xfd\xd0\xdc\x88D',110
b'az41023',5
b'\x9aW\xe5\\\xd9\x90',1
b'jerrycat0118',4
b'\xcb\xbd\xd0\xc4',1
b'\xbd\xe9\xbdB',11
b'\xd2\xbb\xcf\xc2',28
b'vbn22',9
b'\xca\xd8\xe9T\x86T',35
b'\xca\xdc\x82\xfb',25
b'\xd6\xbb\xc4\xdc',5
b'\xca\xd8',4
b'\xd7\xf3\xca\xd6',2
b'\xdf\x85',3
b'ppu12372',4
b'\xd7\xb7',7
b'\xc2\x9a\x98I\xd9\x90',1
b'\xddp\xc7\xf2\x86T',1
b'\xcc\xd8\x84e',10
b'\x95\xfe\xbb\xce\xc8\xcb',1
b'\xb5\xd8\xbe\x89',1
b'\xd5\xfe\xd6\xce',11
b'\xb2\xbb\xd2\xaa',19
b'\xcc\xe6\xbf\xcb\xc1_\xb0\xa3',1
b'\xce\xf7\x81\x86\xbc\xd3',1
b'wpd',3
b'\xcd\xea\xe1\xe1\xd2\xaa',3
b'\xbf\xb4\xca\xb2\xfcN',3
b'nike',3
b'\xb3\xf6\x81\xed',7
b'TheAVKing',4
b'47',42
b'\x93\xf5\xd7\xa1',1
b'\xd2\xf2\xb4\xcb',6
b'\xb5\xc3\xd7\xef',1
b'\xc9\xf5\xd6\xc1',2
b'X1',159
b'\xdf\x80\xbb\xa8',2
b'\xf3w\xc1\xa6',10
b'yiyji',1
b'\xbf\xb4\xb7\xa8',7
b'\xbf\xcb\xb4\xf3\x91\xf0',1
b'\xb1R\xd0\xe3\xd1\xe0',1
b'\xddp\xc8\xcb',1
b'\x84\x93\xd2\xe2',2
b'\xc8\xe7\xcd\xac',1
b'\xbf\xcb',15
b'\xea\x87\xc8\xdd\x93Q',1
b'Gavatzky',7
b'\x8aZ',15
b'\xbd\xf0\xd1\xa5',29
b'\xaa\x84\xb1\xbb',1
b'\x87u',4
b'\x84P\xb6\xf7',12
b'\xc3\xbf\x82\x80',3
b'jqk910',4
b'kichikuou',1
b'\xeaP\xb0\xe6',1
b'\xb0\xa1',76
b'Stunts',5
b'\xeaP\xe6I',19
b'\xb4a\xd3\xb0\xed\x91',2
b'\x91\xf0\xbe\xd6',2
b'\xbf\xcb\xbd\xcc\xee^',2
b'\xdf@\xfcN',45
b'binhankuo',3
b'\xdfM\xb2\xbd',7
b'\xd4\x93',98
b'\xd3\xc9',11
b'x0952',1
b'\xc4\xcd\xbc\xaa',1
b'NIKE',5
b'\xc7\xc4\xc7\xc4',1
b'\xd3\xa1',1
b'\xd1u',27
b'\xc8f\xbc\xfe',2
b'\xb7\xa8',7
b'T',2
b'\xbc\xb4\x8c\xa2',2
b'\xe9_\xd9u',2
b'\x9aq\xe1\xe1\xd0l',1
b'\xd2\xd1\xbd\x9b',20
b'\xb0\xfc\xdek',1
b'\xd7\xf9\xb9\xda',1
b'ET0001',1
b'\xbf\xa7',3
b'\x9e\xe9\x87\xf8',3
b'OPissue',2
b'\xd6\xb5\xb5\xc3',10
b'\xd7\xdf',11
b'\xd0\xfb\xb2\xbc',16
b'\xc9\xa3',6
b'\xb1\xa3\xc0\xfb',8
b'\xcf\xc2\xd5n',2
b'\xc9\xcf\xb0\xf1',1
b'jacklyl',6
b'\xb4a',35
b'\xb5\xbd\xb5\xd7',79
b'D9923170',12
b'\x96|\x81\x86',5
b'\xd5J\x9e\xe9',7
b'\xc3\xb7\xc1_',6
b'\x9b]\xd3\xd0',76
b'\xce\xe8\xcc\xa8',2
b'\xb0\xb2\xce\xbf',7
b'\xbd\xf0\xc7\xf2',61
b'\x93v\x81y',3
b'\xc5\xf3\xbf\xcb',3
b'\x98\xb7\xea\xa0',3
b'\xb7\xb4',9
b'\xbc\xa4\xdfM',3
b'\xc5\xc9',11
b'AaronHicks',7
b'58',15
b'\xdfB\xb0\xd4',4
b'\xb7\x80',8
b'X9',8
b'\xd7\xee\xc8\xf5',7
b'\xaa\x84',40
b'\xeeA\x9cy\xce\xc4',2
b'\xbc\xbe',7
b'\xb9\xda\xdc\x8a\xbf\xcb\xc1_\xb0\xa3\xce\xf7\x81\x86',2
b'mpc9527',1
b'\xdf@\x82\x80\xdf\x80',1
b'\xb0\xc3\x90\xc0',1
b'yamatobar',61
b'\xca\xae\xc4\xea',2
b'\x8f\xcd',30
b'\xc5d\xd6\xae\xc2\xb7',1
b'fuxin999',3
b'\x8e\xec\xa0\x96\x88D',1
b'\xcd\xdf',1
b'\xb2\xbb\xcf\xeb',17
b'\x87\xf8\x91c\xd7\xa3',1
b'\xeaP\xc1\xcb',1
b'\xeb\x8a\xd2\x95',25
b'steveaustin',4
b'\xe8F\x9dh\xc2\xe4',1
b'\x9cI',1
b'\xbeS\xdf_',2
b'\xb1\xa7\xc7\xb8',4
b'\x9b]\xc4\xdc',1
b'\xbd\xf0\xb1\xad',3
b'oliverpol',4
b'\xdf@\xfcN\xc5\xd0',1
b'34',59
b'33',77
b'\xd0\xc2\xbf\xc6',1
b'\xb5\xc3\xd6\xf7',8
b'\xcd\xcb\xd2\xdb',6
b'\xc4\xa7\xb5\xd1',8
b'\xcc\xec',7
b'YummyDurant',9
b'X5',20
b'\xbc\xd2\x98\xb7\xb8\xa3\xcf\xde\x95r',1
b'\xd2\xbb\xcc\xec',14
b'sthho',2
b'\xd5\xaa',1
b'\xc2\xe4\xc4\xaf',5
b'\xc9\xf1\xc7\xe9',4
b'\xd7\x8c',101
b'\x92\xce',1
b'\xc2\xe4\x9cI',1
b'hsinofkids',1
b'\xb7\xbd\xca\xbd',11
b'\x91c\xd7\xa3\xbc\x8a',1
b'\x82\xf7\x82\xfb\xcd\xf6',1
b'\xcf\xfb\xcf\xa2',3
b'\xd5\xfd\xd4\xda',4
b'\xb4\xf2\xd4\xec',6
b'\xcd\xf5\xb3\xaf',2
b'jalai',15
b'v',43
b'levirrrrr',5
b'\xc5\xd0\x9bQ',10
b'\xdfB\xb7\xa8\x87\xf8',2
b'\xd7\xd4\xbc\xd2\xc8\xcb',2
b'\xcd\xa6',19
b'leefour',1
b'\xea\xa0\x91\xaa',12
b'\xc5\xac\xc1\xa6',15
b'jhemezuo',2
b'\x95r\x8aZ',2
b'\xe3~\xc5\xc6',1
b'\xba\xe0\xc0\xfb',5
b'\x9c\x90\x9dM',1
b'\xbd\xf0\xe3y\xe3~',1
b'\xc3\xe6',1
b'AAAB',2
b'\xc5\xe5\x8aZ',1
b'\xd0\xc2\xd0\xe3',1
b'\xb2\xa8\xa0\x96\xcc\xd8\x81\xed',1
b'\xd2\x8a\xd7C',4
b'\xb4\xce\xca\xc0\xd7\xe3',1
b'\xb5\xc2\xc9\xd0\xca\xb7',1
b'\xb5\xda\xc8\xfd',55
b'sings123',3
b'\xb7\xa8\xea\xa0',1
b'\xbf\xcb\xea\xa0',2
b'\xb1\xc8\xc8\xd5\xea\xa0',1
b'\xbe\xab\xc9\xf1',23
b'mahohua',1
b'\xbe\xcd\xca\xc7',30
b'Round',2
b'webster1112',3
b'\xc7\xb0\xc8\xfd\xc3\xfb',2
b'\xb8\xf7\xea\xa0',13
b'\xbf\xc9',17
b'\x8e\xd7\xc3\xe6\xc5\xc6',1
b'\xb9\xd6\xb9\xd6\xb5\xc4',1
b'FastGunMan',1
b'80',16
b'\xb7\xa8\x87\xf8\xc7\xf2\x86T',3
b'Antoine',1
b'\xc9\xb3\xa0\x96\xbf\xcb',2
b'04',353
b'\x91\xd0\xc8\xcb\xb0\xfc',4
b'\xd7\xee\xd0\xd2',1
b'\xdf\\\xc7\xf2\xea\xa0',1
b'\xae\x94\xd6\xae\x9fo\xc0\xa2',1
b'apprendre',1
b'\xcb\xaf\xd0\xd1',1
b'jonny60604',1
b'\xdf@\x98\xd3',34
b'\xbf\xb4\x81\xed',2
b'\xc6\xe4\x8c\x8d',22
b'\xd0U\x8f\x8a',1
b'zxcasd897222',1
b'\xcc\xdf\xc7\xf2',38
b'asewgek',3
b'\xbd\xf0',31
b'\xca\xd6\xcc\xd7',14
b'\x86\x96\xca\xc0\xd7\xe3',5
b'Warnerting',13
b'\x94U',25
b'\xea\x91\xd7\xe3',2
b'\xb7\xd0\xf2v',1
b'seedhyper',35
b'\xb7\xa8\x87\xf8\xcf\xc2',2
b'\xb0\xeb\x88\xf6',9
b'\x83\xc9\xb6\xc8',3
b'\xc6\xc6\xe9T',75
b'\xb5\xec\x84\xd9',1
b'\x84\xd9\xbf\xcb\x87\xf8',1
b'\x8aZ\xea\xa0',1
b'\xca\xb7',9
b'N44ni',9
b'\xbf\xc9\xb2\xbb\xbf\xc9\xd2\xd4',5
b'\xdfM\xc7\xf2\xe1\xe1\x91c',2
b'\xd7\xa3\xb5\xbd',1
b'\xb7\xa8\xbf\xcb\x91\xf0',2
b'doyou123',1
b'\xc4\xdc',74
b'\x91c\xd7\xa3',17
b'bumingjiueli',2
b'\xcf\xf1',35
b'Giroud',1
b'siaosix',2
b'\xf4|',1
b'wavek',6
b'\xd9\x90\xaa\x84',1
b'\xed\x97\xc3\xfb',1
b'\xc4\xc2\xa0\x96\xc4\xf9\x8e\xcd',1
b'\xb8\xb8\xd3H',5
b'\x88A\x89\xf4',3
b'\xb9\xa4\xc8\xcb',3
b'\xc6\xc6\xbeW',7
b'CrazyKill',7
b'\xc3\xc0\x87\xf8\xc8\xcb',1
b'\xbc\xd9\xc8\xe7',6
b'\xd5\xc6\xbf\xd8',1
b'\x95\xfe\xb2\xbb\x95\xfe',10
b'\x81y',4
b'\xb8\xc4',23
b'whj0530',8
b'\xbf\x83',2
b'\xd3\xa2\xbd\xcc\xee^',2
b'\xb2\xbb\x89\xf2',4
b'\xb8\xf1',2
b'94',8
b'\xb9\xda\xdc\x8a\xb1\xc8',1
b'\xb2\xbb\xd2\xd7',1
b'\xb1\xac\xc0\xe4',36
b'fakeoldboy',3
b'timer000',1
b'\xd0\xc2\x8fV\xb8\xe6',4
b'the',11
b'last',1
b'game',1
b'cplusplus426',10
b'60',20
b'\xc4\xea\x81\xed',7
b'\xd7\xee\xd3\xd7\xfdX',1
b'\x8c\x91\xbco\xe4\x9b',1
b'Mexin',8
b'\xbdY\xca\xf8\xe1\xe1\xd3X',1
b'\xb5\xc3\xbf\xd5',1
b'\xcc\x93',1
b'wwewcwwwf',2
b'\xd7\xee\xb4\xf3',40
b'\xdd\x94\xbc\xd2',5
b'\xb1\xbe\x9d\xc9\xf1R',5
b'VAR',44
b'\xb2\xbb\xe5e',4
b'pocky0511',2
b'\xb7\xa8\x87\xf8\x84P',1
b'\xd0\xfd\xe9T',1
b'\x8c\x8d\x9br',2
b'\x83\xc9\x87\xf8',3
b'\xba\xdc\xd2\xaa',1
b'\xba\xc3',119
b'shishio7',5
b'42',55
b'\xdf@\xb4\xce',59
b'\xd7\xee\xb1\xc0\x9d\xa2',1
b'\xd2\xbb\x88\xf6',31
b'proprome',1
b'\xc3\xbf\xb4\xce',1
b'\xbb\xd8\xcf\xeb',1
b'\x8e\xd6',23
b'\xc2\xef',28
b'AisinGioro',8
b'\xe0\xcb',13
b'JOSH',1
b'\xb0\xcb\xd8\xd4',15
b'yoshiki8273',1
b'\xb5\xda\xb6\xfe',57
b'\xb9\xda\xc4\xdc',1
b'\x8e\xa7',12
b'\xb6\xe0\xc9\xd9',28
b'\xbd\x9b\x9d\xfa',7
b'\xd0\xa7\xd2\xe6',2
b'\x8e\xd7\x82\x80\xfcc',1
b'Shauter',5
b'\xca\xd6\xc9\xcf',2
b'\xc4\xc3\xd6\xf8',1
b'\xc5f\xb0\xe6',1
b'\xc8\xcb\xd2\xaa',1
b'\xdek',23
b'\xaa\x84\xc2\xe4',3
b'\xbc\xd2',4
b'akemidk',1
b'LV',1
b'\xc0\xcf',10
b'\xe9\x9b',3
b'\xc4\xef',2
b'pig761113',1
b'\x91\xf0\xb7\xb8',13
b'\xb2\xbb\x93Q',3
b'cain07',1
b'\xb5\xc7\xd8\x90\xc8R',2
b'tiamo0999',1
b'\x84\x82\x84\x82',51
b'\xcf\xc2',29
b'\xb4\xf3\xd3\xea',1
b'32',110
b'cheng135',3
b'Benado',1
b'\xd2\xbb\xb6\xd1',14
b'\xc4\xc7\xdf\x85',4
b'\xefL\xbc\xd9',2
b'\xbf\xc9\x91z',3
b'CCTing',7
b'nameandy',1
b'\xcc\xab\xcb\xae',1
b'\xb0\xc9',79
b'johnwicklolz',1
b'\xcc\xec\xb7\xdd',2
b'\xd6\xd8\xd2\xaa',13
b'Viannet',3
b'\xb5\xf8\xc6\xc6',1
b'\x8c\xa3\xbc\xd2',8
b'\xd1\xdb\xe7R',1
b'jeremyme',1
b'\xc5\xe5\xca\xc7',2
b'\xbb\xec\xd1\xaa',2
b'Ruby0914',2
b'96',10
b'\xd3\xf6',4
b'\xb2\xc8\x88\xf6',2
b'\xca\xbe\xcd\xfe',1
b'\xd2\xaa\xc7\xf3',12
b'\xe1\x8c\xb7\xc5',1
b'\xd5\xfe\xd6\xce\xb7\xb8',1
b'cmheiia',4
b'\xdf@\x88\xf6',71
b'\xcb\xe3\xca\xc7',11
b'\xd7\xee\xc0\xd7',1
b'buke',5
b'\xc2\xfe\xae\x8b',17
b'\xbc\xd2\xc7\xa7\xcc\xef',10
b'\xbc\x83\xc9\xfa',10
b'\xc0L',10
b'\x8f\x8a\xbdM\xba\xcf',11
b'kliff',3
b'\xd6v\xd4u',4
b'\x95r\xbc\xd2\xe3\x91',1
b'\xcd\xb5\xb6\xc9',1
b'\xce\xd2\xc1x',1
b'oneyoung1121',1
b'67',12
b'\xb1M\xc1\xa6',4
b'KobeBryant56',2
b'\xbb\xd8\xbc\xd2',26
b'zoosleep',3
b'\xd2\xa6\xce\xc4\xd6\xc7',5
b'\xb0l\xca\xc0\xd7\xe3',1
b'\xce\xc4',5
b'\xda\xa4\x9f\xf4',1
b's0806001',1
b'\xca\xc0\xd7\xe3\xb0\xe6',2
b'\x9b]\xc8\xcb',18
b'mars841122',1
b'\xd2\xc2\xc8\xa5',1
b'\xd9I',41
b'\xd3\xa2\x87\xf8',17
b'ITV',1
b'\xbe\xab\xc8A',6
b'DbErNyVaEnRt',2
b'\xeeC\xaa\x84',8
b'\xb5\xe4\xb6Y',4
b'Lahm',3
b'\xdfM\x88\xf6',11
b'\xc5\xae\xca\xbf',2
b'Courtois',11
b'qoojo2002',5
b'm10',1
b'\xaa\x84\xb6\xbc',2
b'\xe9_\xd0\xc4',13
b'morgankhs',6
b'\xd3\xea\xcf\xc2',1
b'\xdf\x80\xd2\xaa',2
b'color345',1
b'\xd3\xea',2
b'\xd4\xf5\xb2\xbb\x93\xce\x82\xe3',1
b'Geiwoyujie',1
b'\xcc\xa8\x9e\xb3\xbdM',1
b'\xd2\xbb\xd6\xa7',2
b'\xbf\xe7\x87\xf8',1
b'\x85\xa2\xbc\xd3',20
b'\xcc\xe1\xc9\xfd',20
b'NightStick',1
b'P',18
b'\x8e\xc5',5
b'\xb5\xc7\xc9\xcf',3
b'yonggan',1
b'\xb9\xa7\xcf\xb2',37
b'soi1dsnake',8
b'\xeeC',2
b'\xb0\xe6\xc9\xcf',1
b'\xdf\x80\xd3\xd0',38
b'\x83\xc9\xc8f\xc8\xcb',1
b'\x93\xce',4
b'yehmei0102',1
b'\x86\x96\xc6\xd5\xb6\xa1',1
b'\xc5\xd4',2
b'\xb9\xe2\xee^',3
b'brabrabra',3
b'\xd7\xee\x9d\xf1',1
b'ken112290',11
b'\xb4\xf3\xc1\xa6',7
b'\xd3\xc3',41
b'\xbf\xd6\xb2\xc0',5
b'\xb9\xa5\x93\xf4',14
b'\xb9\xa4\xbe\xdf',3
b'71',21
b'Danggui',17
b'\x86\x96\xd3\xd0',7
b'\xc8\xcb\xca\xc0',2
b'\xd7\xe3',22
b'\xc6\xc6\xaea',1
b'magicbook123',29
b'\xb3\xdf\xb4\xe7',1
b'\xcb\xf9\xd3\xd0',7
b'\xd9\x90\xd1e\xc3\xe6',1
b'\xd7\xee\xd0\xa1',1
b'\xc8\xeb\xca\xc0',1
b'\xd7\xe3\xd9\x90',8
b'ctes940008',5
b'\xd7\xd4\x84\xd3\xd3\x86',1
b'\xe9\x86\xd3\x9b',1
b'\x99z\xb2\xe9',1
b'\xc3\xf7\xc4\xea',13
b'\xcc\xa8\x9e\xb3\xea\xa0',7
b'\xd9\x90\xca\xc2',32
b'\xbc\x83\xbd\xf0',1
b'\x91\xaa\xd4\x93',43
b'\xc8\xdd\xd2\xd7',9
b'\xd7\x83\xd0\xce',1
b'Cyborg',18
b'\xbf\xcb\xc1_\xd4\xda',1
b'\xbf\xde',9
b'\xcf\xc2\xd2\xbb\x88\xf6',8
b'takura',9
b'\xb0\xd4\x99\xe0',1
b'addog74',4
b'\xb6\xe0\xbc{',2
b'\xcc\xab\xc1_\xb9\xda',1
b'\xdc\x8a\x91\xf0',14
b'\xcf\xb4\xb0\xd7',1
b'james850531',1
b'\xba\xc3\xb1\xc8',2
b'pchunters123',11
b'\xd6\xd0\x87\xf8\xea\xa0',4
b'\x9fo\xd2\x95',5
b'oichi',3
b'seabox',41
b'\xc3\xdc\xbc\xaf',1
b'\xbf\xd6\x91\xd6',1
b'\xd6\xa2',1
b'david0426',1
b'\xcb\xac',7
b'erosha',2
b'samok',81
b'87',16
b'brli7848',1
b'\x86\x96\xacF',4
b'Lopez',3
b'\xc4\xa7\xd6\xe4',34
b'.............',1
b'tom80727',23
b'\xb1\xa3\xb0\xb2',8
b'\xc2}\xb5\xdb',1
b'\x99z\xd3\x91',4
b'Timekeeper',11
b'\xc6\xf2\xd8\xa4',1
b'484',51
b'\xd7\xee\xb6\xe0',9
b'\xb2\xca\xc8\xaf',86
b'WorldCup',95
b'\x98\xb7\xcd\xb8',106
b'\xe9_\xaa\x84',84
b'vaude',1
b'allenfu0106',33
b'\xd0\xdf\xc8\xe8',4
b'\xca\xbd',2
b'Borges',3
b'\xbd\xf1\xc4\xea',50
b'UGLYLOSERS',1
b'\xd5\xe6\xb5\xc4',92
b'\xc2\xa0',10
b'\xcf\xc2\xc8\xa5',4
b'tacss',1
b'\xd6x\xd6x',11
b'\xce\xd2\xdaA',1
b'40',53
b'p',5
b'\xce\xd2\x81\xed',2
b'\xbb\xd8\xf0\x81',1
b'bian56789',1
b'\xb5\xc3\xb9\xda',1
b'\xc4\xc4\xea\xa0',12
b'\xdd^\x8f\x8a',12
b'Hallucinogen',1
b'\xbf\xec\xd7\xb7',1
b'\xd5\xfd\xd2\x8e\xd9\x90',3
b'\xbe\xd6',6
b'\xc4\xe6',6
b'\xdeD\x84\xd9',3
b'Kaarlocce',1
b'\x86\x96\xb7\xa8\x87\xf8',1
b'MtCloud',6
b'\xeby\xdf^',10
b'Waitaha',2
b'64',22
b'\x88\xf6\xcc\xdf',1
b'169',1
b'\xc7\xf2',139
b'\x94\xb5\xca\xb7',1
b'\xb8\xdf',20
b'Ommmmmm5566',1
b'\xd4\xda\x88\xf6',4
b'\x83\xc8',17
b'Rakitic',6
b'\xd4\xf5\xb5\xcd',1
b'\xc4\xa7',3
b'\xb5\xd1',1
b'\xc4\xc7\xfcN',60
b'ck12',1
b'\xd6\xf7\xb2\xa5',45
b'\xb8\xd0\xcf\xeb',5
b'77',17
b'\xd6\xae\xe1\xe1\x95\xfe',3
b'\xeaP\xd7\xa2',6
b'\xce\xf7\xbc\xd7',17
b'xu35l',1
b'\xb0l\xe5X',96
b'Mickey800920',12
b'\xaca',1
b'\xb8\xdf\xb6\xc8',1
b'lauwei',3
b'\xbf\x82\xbdY',1
b'\xdd\x94\xdaA',5
b'\xc0\xb2',51
b'MacBookAir12',1
b'\xbdM\xd9\x90',28
b'\xc4\xdc\xdf^',1
b'\xba\xac\xcb\xae\xc1\xbf',1
b'\x9dM\xb6\xe0',1
b'der',2
b'\xa3\xb2',7
b'\xa3\xb0',13
b'\xa3\xb1',10
b'\xa3\xb8',3
b'\x8c\x8d\xc1\xa6',47
b'jeffguoft',2
b'\xb5\xc3\xb5\xbd',5
b'turnoff11',2
b'\xdfz\xba\xb6',4
b'mylove2256',1
b'\xaa\x84\xb8\xf7\xca\xc7',1
b'bezbol',38
b'\xbd^\xc3\xee',1
b'\xe9_\xca\xbc\xc5e',122
b'\xdek\x98\xb7\xcd\xb8',122
b'madaux',1
b'\xba\xc3\xcf\xf1',21
b'\xb2\xbb\xcc\xab\xeby\xdf^',1
b'theHum',4
b'\xb0\xb2\xb7\xd6',1
b'triplefree',1
b'luvstarrysky',1
b'\xb8\xf7\xce\xbb',13
b'\x82\x83',12
b'\xc4\xea\xe1\xe1\xd4\xd9',1
b'\xbf\xa8\xdf_\xd2\x8a',1
b'hoodlumpow',3
b'\xb7\xa8\x87\xf8\xb9\xda',4
b'\xb9\xfe\xd5\xa8',1
b'\xb6\xa1\xb6\xa1',3
b'\xd3\xd0\xba\xce\xb8\xd0\xcf\xeb',1
b'punksir',2
b'\xca\xa3',12
b'MOMMOM',1
b'vul81320',4
b'\xd2\xbb\xd6\xb1',28
b'\xbaV',1
b'\xb6\xa8\xbf\xcb\x95\xfe',1
b'\xdaA\xb5\xc3',5
b'whynunuwhy',1
b'\xb7\xa8\x87\xf8\x8aZ',1
b'\xcf\xc2\xb9\xda',1
b'\xc4\xea\xe1\xe1\xd2\x8a',1
b'eric795',1
b'\xd1\xba\xb7\xa8',1
b'\xcb\xe3\xdaA',2
b'yyyyang',1
b'\xab@\x84\xd9',7
b'dreambreaken',3
b'x0321j',1
b'\xd2\xbb\xc8\xd5',78
b's512874690',2
b'\xc6\xf0\x81\xed',8
b'\xd2\xbb\xc4\x98',1
b'\x9b]\xca\xc2',3
b'boomb',1
b'\xb9\xc4\x84\xee',1
b'\xc0^\xc0m',12
b'CasspianHttp',1
b'\x81y\xb0\xe6',1
b'\xd3\xc0\xcd\xb0',1
b'\xd7\xa5\xb5\xbd',2
b'\xf4[\xca\xc2',1
b'\xb0\xa5',1
b'...',40
b'\xbf\xcb\xbf\xcb',1
b'\xea\xfe\xea\xfe',3
b'mnhyuiop',1
b'\xd4\xd9\xd2\x8a',6
b'\xd0\xc1\xbf\xe0',8
b'\x83\xc9\xce\xbb',1
b'minisung',1
b'\xb2\xbb\xb7\xc5\xbd\xf0',1
b'\xcc\xbd\xd7\xd3',1
b'GGdardarder',2
b'\xbc{\xcc\xdf',1
b'\x95\xfe\xdaA',6
b'\xb3\xf6\xbe\xd6',35
b'\xb9\xda\xdc\x8a\xbc\xbe',1
b'\xc8\xd5\xc6\xda',1
b'\xb8\xe3\xe5e',1
b'LPMO',4
b'\xd0n\x88\xf6',1
b'\xd3^\xb1\x8a',28
b'\xcf\xc2\x88\xf6',11
b'bastienne',2
b'collaborate',18
b'\xba\xdc\x95\xfe',4
b'\x93\xec',8
b'\xe9T\x8c\xa2\xc7\xf2',1
b'GOFORYOU',1
b'\xc8\xcb\x94\xb5',2
b'shorty5566',1
b'linx210145',3
b'\xb7\xa8\x87\xf8\xb2\xd8',1
b'\xd5\xd0',6
b'\xd6\xb8\x98\xcb',5
b'kenny468',1
b'97',11
b's410294',4
b'YESGOTO',15
b'\xba\xdc\xc9\xd9',7
b'\xc4_\xb7\xa8',2
b'lulululula',1
b'52',33
b'\xd2\xaa\xbdo',3
b'chuba5566',1
b'tea30727',1
b'\xcc\xab\x9ag\x98\xb7',1
b'\xce\xf7\x81\x86\xb4\xf3\x84\xdd',1
b'dreamtime',5
b'\x88\xf6\xdf\x85',5
b'fanssica',2
b'\xc5\xe5\xd2\xaa',1
b'\xb3\xf6\xd5\xd0',2
b'guolong',1
b'\xba\xde\xcd\xb8\xc1\xcb',1
b'\xf4[\x88\xf6',1
b'danish80924',1
b'\xd3\x8b\xcb\xe3\x88\xf6',1
b'\xcd\xe2',8
b'\xb4\xf3\xb8\xc5',7
b'\x8e\xd7\x82\x80',6
b'\x8c\xa3\xbe\xab',1
b'\xb3\xac\xdfh',1
b'\xbe\xab\x9c\xca',2
b'\xc9\xe4\xe9T',8
b'Wonderwalk',13
b'\xd6\xae\xc7\xb0',6
b'\xc4\xc7\x82\x80',16
b'\xb4\xc0',3
b'\xb9\xda\xdc\x8a\x91\xf0\x95\xfe',1
b'\xb7\xc5',11
b'\xce\xe5\xd4\xc2\xcc\xec',2
b'\xb8\xe8',4
b'sendoh07',4
b'\xce\xf7\x81\x86\xe9T\x8c\xa2',5
b'\x82\xfb\xcd\xa3',23
b'\x85\xa2',1
b'\xdfM\xb9\xa5',43
b'Luna5566',6
b'\xce\xf7\x81\x86\x9e\xe9',2
b'\xdfM\x9bQ\xd9\x90',5
b'thnlkj0665',27
b'allenblack',6
b'\xcd\xf5\x87\xf8',1
b'NightEleven',1
b'\xd5\xe6\x81\x86',1
b'\xc9\xcf\xb0\xeb',12
b'\x88\xf6\xb6\xbc',1
b'\xb1\xa3\xc1\xf4',6
b'\xcf\xaf\xb5\xa4\xacF',1
b'TimmyDD',1
b'\xbf\xcb\x87\xf8\xb6\xfe\xcc\x96',1
b'\xd0\xc4\xd1e',1
b'\xdf\x80\xbf\xcb\xc1_\xb0\xa3\xce\xf7\x81\x86',1
b'\xd2\xbb\xc7\xf2',6
b'\x86\x96\xdfM',1
b'\xc7\xf2\xe1\xe1\xb2\xa5',1
b'\xb8\xe8\xc3\xfb',2
b'vanattenhove',3
b'\xcc\xa8\xb2\xca',5
b'\xb7\xad',6
b'mmmn52332',4
b'\x8c\xc5',4
b'\xb4\xf2\xc8A\xd2\x95',1
b'AhSs',9
b'\xd5\xe6\xd5\xfd',9
b'\xc5\xbf',6
b'Demia',11
b'\xb1\xbe\x88\xf6',4
b'\xdf\x80\xb2\xee',2
b'\xd4\xaa\xcb\xd8',2
b'\xd0\xc4\xc2\x95',3
b'\xb1\xc8\xb7\xd6',12
b'\xb4\xf3\xb9\xab',1
b'\xcb\xc6\xba\xf5',4
b'\xeeI\xcf\xc8',10
b'\x95\xfe\x84\x93',1
b'\xd7\xb7\xc6\xbd',10
b'\xbdM\xee^',6
b'\xdaA\xbc\xd2',13
b'\xdf\x80',7
b'\x99C\x95\xfe\x89\xba',1
b'\xd6\xd0\xd5\xfd',1
b'\xb4_',1
b'\xbd\xb9\xfcc',2
b'\xebp\xb7\xbd\xe9T\x8c\xa2',1
b'\xb7\xa8\x87\xf8\xd9\x90',2
b'Nuclear5566',19
b'\xd9I\xbf\xcb',1
b'HABBQHA',1
b'\xcd\xcf',22
b'\xc4\xc7\x88\xf6',16
b'\x8f\x88\xe9_\xe9_',1
b'\xd0\xa6\xd4\x92',2
b'tobo',1
b'\xb4\xae\xb1\xc8\xb7\xa8',1
b'\xcb\xac\xdaA',1
b'glimzerc',3
b'\xb0\xd1\xce\xd5\xd0\xd4',1
b'\xc1\xee\xc8\xcb',9
b'\xca\xe6\xb7\xfe',6
b'\xdf^\xc8\xa5',13
b'\xd6\xf7\xb4\xf2',2
b'\x8f\x8a\xb9\xa5',2
b'X3',39
b'\xd5\xd2',17
b'\xbf\xb4\xc7\xf2',22
b'kenness1019',3
b'XDDDD',1
b'79',9
b'\xcc\xa7\xb3\xf6\xc8\xa5',1
b'\xbe\xd3\xc8\xbb',7
b'\x93Q\xcf\xc2',2
b'Kante',3
b'Joseph5566',27
b'\xce\xf7\x81\x86\xdaA',3
b'\x99C\xc2\xca',8
b'ET01',1
b'\xbf\xcb\xc1_',8
b'\xb0\xb2\xd0\xc4',2
b'\x81\x86',28
b'\xb1\xc8\x94\xb5',4
b'\xb2\xc2\xb5\xbd',1
b'\xcd\xc0\x9a\xa2',4
b'OceanAdin',6
b'\xb1\xed',9
b'\xd7\xf3\xd3\xd2',3
b'\xdf\\\x9a\xe2',10
b'\xb1\xb3',9
b'\xd1a\x95r\x95\xfe',1
b'\xdfM\xd2\xbb\xc7\xf2',4
b'\xd3\xd0\xb7N',2
b'\xb4\xf3\xb7\xd6',4
b'fu',2
b'\xcc\xab',42
b'\xc6\xab',7
b'\xeeH',7
b'\x84\x82\x84\x82\xd9\x90',1
b'\xc7\xb0\xbf\xcb',1
b'\xb0\xe9\xca\xd6',1
b'\xb6Y\xbdo',1
b'\xbd\xd8\xd6\xc1',1
b'\xc4\xbf\xc7\xb0',24
b'\xd7\xd4\xbc\xba',30
b'\xd3\xd0\xfcc',18
b'\x8f\x8a\xdf\\',3
b'\xb7\xb4\xd6\xb8\x98\xcb',1
b'ss61512tw',1
b'\xe7P',3
b'businessmen',5
b'\xd6\xd0\xdf\x80',1
b'\xd3\xc3\xb0\xe5',1
b'\xc2\xdd\xbdz',1
b'\xc5\xd0\xfcS\xc5\xc6',1
b'\xb4a\xc7\xf2',10
b'\xce\xf7\x81\x86\xcf\xc2',1
b'kugga',2
b'\xd3\xc3\x9cy',1
b'\xd6e\x99C',1
b'\xc5\xd0\xb6\xa8',1
b'aa111405',1
b'\xbf\xcb\xb7\xdb\xacF',1
b'\xbdo\xbf\xcb\xc1_\xb0\xa3\xce\xf7\x81\x86',1
b'\xc2\xe5\xc0\xef',1
b'\xb0l\xca\xc4',1
b'\xb2\xbb\x95\xfe',58
b'\xd6\xd8\xb5\xb8',2
b'2016',6
b'\x9aW\xd6\xde\xb1\xad',2
b'\xb8\xb2\xdeH',2
b'Emacs',3
b'\xba\xdc\xeby',4
b'\xc3\xee\x82\xf7',1
b'\xd6\xfa\xb9\xa5',6
b'\xeaP\xec\xb6\xb7\xa8\x87\xf8',1
b'Dino14124',1
b'\xb7\xf0\xd0\xc4',1
b'nswrth',1
b'\xe9]\xc4\xbb',6
b'\xb3\xaa\xb5\xc4\xb8\xe8',7
b'peterj0727',4
b'\xb4\xf3\x8e\x9f\xcf\xaf',1
b'\xb5\xa4',4
b'\xbd\xd3\xb0\xe0\xc8\xcb',8
b'Luka',3
b'gp61g42ji31',1
b'\xb6\xed\x87\xf8\x95\xfe',1
b'\x8b\xeb\x83\xba\xb3\xb1',2
b'iam168888888',80
b'\xb7\xa8\xbf\xcb\xb4\xf3\x91\xf0',6
b'CAMIYA',1
b'\xb1\xed\xd1\xdd',5
b'\xb4\xf2\xb9\xc4',1
b'\xd0\xa1\xc1_\xbc{\xb6\xc8',5
b'goodnight4Tw',11
b'\xbd\xf1\xcd\xed',36
b'\xd2\xbb\xbc\xaf',1
b'\xca\xc0\xd7\xe3\xc7\xe9',1
b'\xd1\xdd',5
b'\xbf\x82\xbdy\xb8\xae',1
b'\xc7\xb0\xca\xc0',2
b'\xd7\xe3\xd2\xb9',1
b'HIGH',2
b'\xb7\xad\xcc\xec',1
b'opqr9988',12
b'\xdf\x80\x9b]',4
b'\xb5\xc3\xb7\xd6',11
b'dreamka',2
b'\xbeW\xc2\xb7',10
b'\xc6\xbd\xcc\xa8',6
b'\xc6\xb7\xd9|',3
b'\xbb\xd8\x88\xf3',1
b'ruok889',1
b'\xd2\xaa\xb9\xda',1
b'\xc4\xe6\xdeD',9
b'freddy8317',5
b'\xbc\xbe\xd9\x90',1
b'\xb3\xd4',25
b'\xfcS',31
b'\xc5\xc6\x95\xfe',2
b'\xb0l\xc9\xfa',9
b'\xca\xc2',28
b'bobjohns',8
b'\xd0l',11
b'\xd7\xee\xa0\x80',6
b'r2394319',6
b'\xb4\xcc\xbc\xa4',4
b'a19870704',1
b'\xd2\xd4',13
b'\xd2\xbb\xc8f\x9e\xe9',2
b'\xb5\xd7',3
b'\xdf\\\xb2\xca\xd4\x93',2
b'\xb7\xd6\xc5\xe4',4
b'\xa0\x8e\xb9\xda',4
b'\xc7\xb0\xcf\xa6',1
b'\xcf\xe0\xd0\xc5',7
b'\xd7\xf6\x95\xfe',1
b'popoallan',16
b'\xbf\x82\xb9\xda\xdc\x8a\xd9\x90',1
b'\xb5\xc7\x88\xf6',8
b'\xce\xb4',16
b'\xdaA\xdf^',3
b'\xb6\xac\xcc\xec',6
b'\xd7\xe3\x89\xaf',13
b'\xb2\xbb\x9dM',23
b'\xebS\xea\xa0',1
b'dennisthc',4
b'Monopoly',1
b'\xe9_\xcf\xe4',1
b'chiefviola',1
b'\xca\xc0\xd7\xe3\xb9\xda',5
b'\xdf@\xcc\xec',2
b'\xd4\xe2\xe9_',2
b'\xb3\xfd',3
b'Before',1
b'Final',3
b'\xd9\x90\xc7\xb0',20
b'\xd9Y\xd3\x8d',5
b'\xb1\xd8\xbf\xb4',2
b'rrazer',1
b'\xb9\xda\xdc\x8a\x99C\xc2\xca',2
b'a12c45a',7
b'\x9f\xe1\xd1\xaa\xd6\xf7\xb2\xa5',6
b'\xb6\xa1\xd4\xaa\x84P',7
b'\xb7\xa8\xbf\xcb\xb9\xda',1
b'\xdc\x8a\x91\xf0\xd9\x90',1
b'\xb7\xd6\xce\xf6',45
b'supermario1',2
b'\xdf\\\xb2\xca\xd2\xaa',1
b'\x89\xba',4
b'\xc5\xd0\x94\xe0',1
b'jackpow',1
b'\xaa\x84\xba\xce',1
b'anythingok',1
b'\xbc\xd2\xe3\x91\x95\xfe',1
b'\xcf\xc8\xd6\xaa',2
b'\x84P\xb5\xc0',4
b'\xacF\x88\xf6',15
b'\xd5\xd5\xc6\xac',3
b'landy924',1
b'\xd5\xe6\xeby',2
b'\xe9]\xc4\xbb\xca\xbd',4
b'\xb8\xe8\xca\xd6',1
b'\xd7\xec',7
b'\xb3\xaa',2
b'j80025333',2
b'\xaa\x84\xb2\xbb',1
b'\xbf\xbc\x91]\xbdo',1
b'\xdf@\xce\xbb',3
b'\xb4\xf3\xb8\xe7',1
b'\xd4\xe2\x91\xf2',1
b'\xb7Q\xcb\xae\xd8\x9b',1
b'sportlotte',11
b'\x83\xb6\xacF',2
b'\xc2\xb6',3
b'\xc6\xa8\xb9\xc9',7
b'\xb3\xd0\xd6Z',2
b'\xc5\xae\xc7\xf2\x86T',1
b'\xc3\xc0\xe5\xea\x8c\x91',1
b'\xd5\xe6',20
b'\xc6\xd8\xb9\xe2',9
b'bugloop',1
b'\xb7\xa8\xf5r\xc8\xe2',1
b'\x86T\xf0B\xd1\xdb',1
b'\xcc\xa8\xc5\xae',1
b'\xd7\xee\xcf\xeb',2
b'\xd2\xbb\xd2\xb9\xc7\xe9',2
b'\xc6\xd5\xb6\xa1',3
b'\xcf\xfb\xb3\xfd',1
b'\xc8\xcb\x82\x83',2
b'\xd8\x93\xc3\xe6',1
b'\xd3\xa1\xcf\xf3',9
b'\xb0\xb2\xc5\xc5',2
b'\xd6\xf7\x8c\x8f',5
b'\xc8\xc7',9
b'\xd9I\xbf\xcb\xc1_\xb0\xa3',1
b'\xd7\xd4\xc5\xb0',1
b'Ryuboku',1
b'\xc3\xe2\xba\x9e',3
b'w55007',3
b'\xc3\xc0\x87\xf8\xc4\xdc',2
b'\x88D\xc6\xac',2
b'\xb6\xfe\xca\xae\xc4\xea',1
b'Saytzev',4
b'\x90\xdb\xca\xc0\xd7\xe3',1
b'\xdf~\xcf\xf2',4
b'\xb9\xda\xdc\x8a\xcc\xd8\x84e',4
b'\xb9\x9d\xc4\xbf',5
b'\xb7\xc7\xd5\xfd\xd9\x90',1
b'Loveis5566',1
b'\xbd^\x8c\xa6',4
b'\xbc\xd9\xc7\xf2',15
b'\xcd\xe2\xeb\x8a',2
b'\xdf_\xc0\xfb\xc6\xe6',1
b'\x8f\xc4\x81\x86\xd7\xe3',1
b'\x85f\xb5\xbd',1
b'\xddp',8
b'\xf3\xa0',11
b'\xbf\xa8\xbf\xa8',11
b'\xba\x86\x86\xce',1
b'\xc8\xe7',5
b'\xcc\xf8\xce\xe8',1
b'\xacF\xd2\xdb',6
b'\xd7\xee\x8f\x8a',34
b'93',6
b'\xb7\xa8\x87\xf8\xd5\xfd',1
b'\xd2\x8e\xd9\x90',1
b'\xb2\xbb\x95\xfe\xdaA',1
b'c1951',2
b'\xce\xf7\x81\x86\xd6\xf7\x8e\x9b',5
b'\xca\xc7\xbc\x88',5
b'\xc0\xcf\xbb\xa2',6
b'\xd2\xd1\x9c\xca',5
b'nnlisalive',5
b'\xca\xc0\xd7\xe3\xb0\xe6\x98\xb7',1
b'\xcd\xb8\xca\xb7',1
b'\xd9\x80\xbd\xf0',1
b'\xb0\xa2',46
b'EChih',2
b'\xb2\xbb\xee\x8a\xc3\xe6',3
b'\xba\xda',16
b'\x9av\xca\xb7\xd0\xd4',2
b'\xcd\xbb\xc6\xc6',7
b'\x84\xd9\xd3\xa2\xb8\xf1\xccm',1
b'\xb5\xda\xc8\xfd\xc3\xfb',6
b'\xcd\xa3\xd9\x90',3
b'\xb4\xf3\xc1\xbf',2
b'\xeb[\x91n',3
b'daniel620314',31
b'\xebp\xdaA',1
b'\xba\xc9\xb1\xc8',1
b'\xb1R\xc8\xfd\xd0\xa1\x87\xf8',1
b'\xb1R\xc9\xad\xb1\xa4',1
b'\xb2\xee\xc8\xcb',1
b'\xd2\xbb\xbd\xd8',1
b'ahsption776',1
b'\xdeD\xd1\xdb',1
b'\xdf^\xc1\xcb',1
b'tungalex',1
b'\xcd\xfe\xc1\xae\xcb\xb9',2
b'were40228',1
b'\xcb\xc0\xca\xd8',6
b'\x84\xd9\xcb\xe3',1
b'jamining',1
b'\xc6\xd5\xb6\xa1\x8c\xa2',1
b'\x87\xf8\xeeI',1
b'\x8c\xa7\xc8\xcb',1
b'\xb3\xf6\xcf\xaf',6
b'playourole',3
b'\xbe\xf3\x8f\x8a',1
b'\xb3\xc9\xb9\xa6',15
b'\xdfM\xc8\xeb',9
b'\xb8\xe8\x86\xce',1
b'Barcarolle',19
b'\xd5l\x8c\xa2',1
b'\xc5\xf5\xc6\xf0',2
b'\xbd\xaa\xce\xc4',1
b'\xc0\xe4',4
b'\xd3\xc4\xc4\xac',3
b'\xc5\xc4\x87\xf8\xd7\xe3',1
b'\xae\x94\xc8\xbb',2
b'\xbf\xc6\xbb\xc3',1
b'Srce',1
b'Vatreno',1
b'anna615566',2
b'Anime',1
b'World',12
b'Cup',11
b'OP',1
b'\xa3\xdc',2
