,
 
/
[
]


7
6
新聞
討論
:
問題
的
Re
0
?
？
是
16
世界盃
10
德國
嗎
：
了
1
11
世足
2
14
有
心得
3
12
28
不是
5
15
巴西
18
4
阿根廷
!
爆
13
17
　
24
！
27
09
19
足球
什麼
9
07
23
為
日本
22
02
29
梅西
03
在
，
01
8
法國
20
25
04
看
人
06
-
26
08
30
21
05
不
踢
內馬爾
Fw
球迷
英格蘭
台灣
冠軍
比利時
被
隊
樂透
公告
球員
賽
joanzkow
沒
影片
對
好
2018
到
C羅
「
vs
"
(
)
FIFA
」
很
怎麼
都
年
進球
要
韓國
克羅埃西亞
美工
比
會
俄羅斯
跟
我
開始
後
X1
就
最
比賽
舉辦
奪冠
西班牙
晉級
多
、
門將
裁判
大家
.
和
誰
想
名單
球
hahaha0204
》
轉播
三熊圖
荷蘭
如果
hoseumou
愛爾達
為何
~
上
能
與
WCQ
瑞典
32
大
kk999999
情報
HiranoMiu
分享
iamshana
盃
世界杯
31
中國
墨西哥
第一
讓
發錢
亞洲
教練
本屆
也
來
歐洲
可以
WorldCup
烏拉圭
冰島
四強
資格賽
決賽
真
主帥
請問
球衣
吧
得
FT
X2
ck326
該
彩券
連結
南韓
強
開獎
進
前
／
LIVE
PK
球隊
samok
戰
葡萄牙
iam168888888
只
教頭
33
淘汰
哥倫比亞
世界
去
啊
破門
他
現在
37
你
還是
底
這場
像
最後
leonjapan
8強
VS
說
打
Match
zkow
沒有
預賽
sosoing
dandanhanbau
才
總
如何
第二
lionheart60
主播
qweewqq
wkch6217
國家隊
這屆
小組賽
evilcherry
再
華視
48
時間
不能
是否
機會
yamatobar
39
哪
慶祝
12碼
那麼
預測
+
38
閒聊
34
這次
聯賽
應該
又
35
一日球迷
FAPL
瑞士
我們
足協
36
42
球星
較
實力
紀錄
41
40
阿
但
h0304
覺得
支持
區資格賽
中
拿
movierice
美國
運動
剛剛
484
啦
TrueSpace
用
51
後衛
啥
w223357
第
今天
數據
英超
今年
輸
46
手球
teramars
塞內加爾
talk5566
cycling
更
可能
之
伊朗
AlexDelPiero
網友
Neymar
出線
犯規
羅本
raysbuck
防守
勒夫
守門員
這麼
賽事
分析
假摔
男足
balcony5566
不行
遭
姆巴佩
小
VAR
進攻
一樣
熱身賽
關於
中場
加油
2014
v
c6587924
歷史
德
47
買
還有
不會
八強
2026
波蘭
戰術
金球獎
seabox
階段
丹麥
oftisa
最佳
足球員
出
等
馬
下
...
羅
大戰
4強
或
分鐘
一個
排名
皇馬
X3
贏球
結果
Messi
PrinceBamboo
非洲
哪裡
孫興
bezbol
44
把
43
奈及利亞
隊長
個
慜
軍
hoanbeh
已
義大利
新
前鋒
呢
爆冷
恭喜
球評
輸球
日
Group
月
籤
馬拉度納
史上
50
seedhyper
出局
體育
終場
行
結束
水桶
這樣
從
魔咒
最強
話
集氣
廣告
回
吃
直播
burdette
2022
表現
勝
組合
allenfu0106
52
無法
國際足
超越
哥斯大黎加
F組
56
國足
45
傳奇
運彩
今晚
手
比較
點球
卡達
完
紅牌
笑
請
這
49
希望
出爐
daniel620314
少
原因
澳洲
amix
埃及
萬
s910
賠率
隊伍
時
足
自己
FieldGoal
54
賭盤
淘汰賽
總統
成
一場
magicbook123
贏
end4000w
倒
B組
H組
德迷
國家
精彩
黑人
那
於
著
觀眾
羅納度
一
免費
MOD
版
靠
61
搞
克國
cgi0911
Hami
差
四年
鄉民
球場
卻
可
thnlkj0665
Joseph5566
賽前
比利
99
粉絲
摩洛哥
Daron309
做
烏龍球
過譽
會不會
嘛
一直
若
季軍戰
KevinLove
鐵桶
選手
…
抽
JKevin
髒
分組
KingJamesGOD
厄齊爾
媒體
有望
ChrisDavis
57
歲
哪個
受傷
電視
辦
哭
太
最大
黃牌
kiske011
C
森巴
有人
避免
J
輪
beek
明星
足球隊
53
台北
59
改
回家
拖
目前
開
黑
酸
&
睡
cute320518
eachen
D組
主席
職業
介紹
272
Verola
peter308
賽程
讚
一下
法
精神
幹
tom80727
看球
X4
復
u5710587
上場
叫
frafoa
知道
巴拿馬
Monoprix
身價
整理
勝利
越位
錢
夢
加入
跑
參加
64
王
向
一日
救
這是
hami
san70168
決定
突尼西亞
73
FB
廢除
一次
凱恩
失望
其實
71
不滿
Davichi5566
不算
準備
對決
s30431
罰球
貝克漢
擊敗
jeromeshih
佈
中華隊
G組
沙烏地
Vicky1016
南美區
On10n
中北美
聯合會
爭議
變
喜歡
確定
有關
而
搞頭
陣容
關鍵
X5
挺
英
60
多少
提升
找
難
事
愛
屆
別
無緣
隊友
世
63
【
】
cc21161
長
72
圖
joulin
TPCMAX
兩場
ELTA
pk
A組
全球
將
給
甚麼
曾
退出
猛
iseedeadman
影響
tsuyoshi2501
億
已經
崩潰
克羅
Nuclear5566
Barcarolle
之戰
搶
BBC
Emerson158
幫
神
台
挑戰
Reddit
自由球
地
其
55
allen910106
嗆
韓
FIFAWC
慘敗
Klose
Ronaldo
中華
生根
發芽
JamesCaesar
中超
65
70
傳球
sfw2579
分
金靴獎
走
足球賽
重要
Cyborg
逆轉
高
collaborate
不用
69
伊布
各國
66
V
俄
先發
拚
穆勒
阿拉伯
觀戰
第三階段
主場
iloveangel
ksten1688
低
官方
khsiuol
kobilly
冠
85
nuturewind
這個
maruEX
名
90
砸
記者
絕殺
女
他們
及
選擇
收視
下半場
漫畫
沒人
Danggui
快
77
西甲
多強
算
2002
pf775
kirbya
顏色
故意
送
小組
PANG920
AkihisaYoshi
增至
bp4u4ap6
收看
第三輪
塞爾維亞
首戰
賺
魯尼
拜仁
動作
板
反應
連
％
不要
克
奪
宣布
金球
80
英國
金
87
那個
那場
有點
popoallan
季軍賽
腳
84
製
全場
目標
道
賽擴
死亡
殺
>
KINMENKING
E組
pinwheel1017
穿
開幕
s9553001
國際
推薦
獲
禁賽
同時
掉
姆巴
下屆
58
jalai
努力
戰犯
YESGOTO
射門
以
未
現場
當年
對戰
正式
內馬
linwahaha
fukawa947
愛迪達
74
可惜
贏了
Goal
TBdrays
很強
yata4547
Galvus
IkiHayashi
申辦
awhat
根本
席丹
仍
怒
起來
足球場
cjol
瘋世足
號
雷斯
特別
一天
次
一堆
攻擊
們
見
錯
帶
成功
拍
昨天
keyoard
全世界
重播
兩隊
一屆
dorydoze
sue5566
NBA
捧
撲
接下
內容
制度
jasonkd
qadc
qwertykey
尤文
metz1552
盃賽
所以
停
左
最高
球賽
哪些
出現
證明
回顧
75
GonVolcano
陳
=
站
厲害
感動
出來
不想
各隊
Warnerting
嗨
０
各位
Wonderwalk
一球
贏家
過去
傷停補時
足壇
調查
軍團
dream2000
罰
cancer0708
98
拉
至
記住
未來
tigerblue002
一隊
辦法
死
英國隊
祕
放
踩
一月
一些
之組
係
XX
Aniseorita
規則
成為
衛冕
諾伊爾
主
WallBamboo
b8301013
jack86326
備戰
期間
realtw
momocom
tontontonni
轟
yenyu73
派
PK賽
換人
Kiran
時候
Jr5566
再見
政治
由
D9923170
踢球
隊史
八卦
家
67
明年
keeper
哪隊
較強
Mickey800920
比分
領先
運氣
opqr9988
World
延長
待
pulagu
HAHAcomet
黃
bulls0722
無
認真
首度
kiwi47
稱
suzhou
saw6904
英媒
感覺
替補
S
批
highlight
因
擺
直接
罵
baggio36
喊
91
蘇亞
賭
紅魔
破
ifromtaiwan
專輯
平手
建議
購票
A
先
68
formatted
勝負
必勝
祭品
touchBB
望
攻擊進
全部
手勢
C組
為什
外星
電視台
感謝
賽程表
新手球迷
巴黎
曝
tim1112
CHERYL7
SP500
杯
球門
62
美女
overtop2
公布
經典
豪門
莫德里奇
）
圖斯
英雄
陣型
會內賽
烏龍
......
俄國
yeadean
正
判決
the
進場
Courtois
開心
P幣
ken112290
下一場
pchunters123
Time
難過
繼續
下場
97
Demia
追平
猜
表
唱
goodnight4Tw
得分
網路
sportlotte
鬆
Cup
b122771
熊圖
金靴
86
Kane
England
kimiyuan
受
度
瘋狂
歐冠
瘋
wsxcdsvv
看好
88
訓練
還記
蠻
..
murray
迷
傷停
大賽
SangoDragon
FaithPrice
盼
缺席
南美
開錯
怕
ronray7799
主力
主題曲
贊助
怎
Calcifer
bigmac
球聚開
催
hugh509
用球
|
公平
垃圾
十六強
酒
優勢
原來
F
歷史會
有線
坦克
外
做些
00
超級
售票
WORLD
2015
muching
TVBS
范加爾
女子
Croatia
巴塞隆納
水準
－
'
81
1998
尷尬
@
增加
休息
超
統計
william11136
（
體力
反
cplusplus426
專家
96
要求
家千田
純生
繪製
謝謝
１
掰
歌
球王
上半場
閉幕
熱血
曝光
惹
打敗
適合
演技
歷屆
et054987
Harry
Live
relax911
英比
所
博格巴
開放
國腳
78
嚴重
陣
處理
因為
takeshi911
英法
價值
mancuteboy
最好
提前
闖
赴
Articuno
竟
遊戲
madeinheaven
熱門
場次
戰神
衣服
歉
活動
本田圭佑
lulububu
太多
正妹
髮
方法
blackwoods
約
哥國
臺
范佩西
wl3532
消極
f791026
擔心
charles0939
1990
禁區
國外
剩
CCY0927
￣
秘魯
智利
門票
附加賽
第五階段
上訴
女足
B4
CUP
cul287
荷
生涯
友誼賽
2006
s
需要
技術
大力神盃
看到
名額
籃球
贏的
SouthernFire
睽違
新星
vbn22
追
榜
最弱
得主
魔笛
YummyDurant
N44ni
寫
大力
takura
最多
聽
AhSs
真正
79
機率
背
傳
發生
卡卡
進入
為止
Google
jumpballfan
koil
頭錘
z83420123
老
萬人
雞
看過
chunyulai
Man
of
成績
X6
展現
滾
定位球
性
封王
退
蘇牙
sisko196
Yirgacheffe
詢問
tenshoufly
這就
對手
球風
起
2030
選
不該
強隊
變成
還會
16強賽
宣
ㄧ
黑馬
單刀
migumeme
點
ryanworld
戰績
德甲
聯盟
元
不強
ppacers
警告
Tigersandys
pablo1126
聊聊
SS327
脊椎骨
隊醫
再戰
明天
談
花
批評
片
場
執教
France
忘
俱樂部
一起
會贏
iloveumoneyc
盛讚
足球先生
回應
dro001
普京
能力
二
RX00
不知道
近
以前
本澤馬
一定
DORAQMON
返國
TexasHoldem
相關
評論
祐
輕
法克大戰
穩
X9
方式
whj0530
94
Mexin
AisinGioro
頒獎
soi1dsnake
爽
保安
撿
棒
接班人
bobjohns
式
印象
如
漂亮
yiyicho8
輸給
大羅
改成
fish000542
人會
Belgium
全
主將
JUNstudio
連續
完全
宣傳
蹟
tpc302
決戰
76
全隊
mirac1e
期待
～
hsuans
偉大
進行
Nike
規定
秒
拖延
億歐元
告別
雖然
可恥
血洗
戰爭
晉
翻滾
副
怎樣
球技
整體
高估
j5163124
觀看
卡瓦尼
章魚哥
83
廁所
d9255927
久
里
Russia
剩下
qazxsw
防
今
Brazil
Cavani
內
不怕
這種
qk123
世界波
威脅
頂級
一年
X7
James
情勢
申請
哥
_
頂
明明
....
不起
墨
長谷部誠
人生
全力
公
KimSongI
欸
研院
網站
自
marcus40
地主
三
c
足球界
完美
盯
登場
ios6
組
錶
一戰
即
OTT
老馬
大錢
專業
xavier08
帽子戲法
壓力
魯
ID
名氣
足球元年
3R
yahdennis
醜聞
區
第四階段
樂聲
shinshong
ethanptt
克洛澤
bortain
折
恐
票選
公開
事件
移民
ddkkz2003
名宿
候選
團隊
hisaken
德尚
失誤
幾場
開除
那些
baozi
歡迎
格子
非
熬夜
梅開二度
事情
POWERSERIES
Anderson0819
之路
出戰
Gavatzky
進步
座
值得
認為
AaronHicks
天
金手套獎
破網
CrazyKill
年來
經濟
落
CCTing
犯
精華
P
無視
２
獲勝
辛苦
亞軍
居然
偏
頗
助攻
演
除
a12c45a
丁元凱
嘴
假球
跳
秘密
守門
腿
硬
頭槌
誇張
角球
早
意外
馬拉杜納
地點
相信
畫質
報
cain1187
陸
campdkny
心情
槌
國內
尊重
兩個
累
不爽
可能性
加盟
心態
偷
一切
天罰
再次
背心
過人
拉姆
後腰
正常
Carter8123
練球
日韓
清單
手機
德媒
haha98
雖敗
驕傲
越南
大陸
KouChan
倍
電話
哭暈
天才
到底
打出
進貨
使用
永遠
痛
一哥
council
『
』
防線
強大
功臣
弱
首輪
發現
發問
啤酒
philxiao
取消
上帝
強是
LBJ
型
sumadeplus
弱隊
donashan
沒進
最快
國旗
shauima
創
flysonics
時代
佩佩
GOAL
伊瓜
Qooking
darrendonkey
生命
講其
傲慢
qwqwaas
bmwg8
回國
朋友
H
Video
位
頭版
kiwistar
一度
跪求
梅克爾
or
收費
姐姐
澳大利亞
評分
接
cymei113
大勝
灌區
username1
抗議
陳昌源
主辦
輪盲
一二回
davy50707
jses1
K
sediments
ttb
胖羅
巴蒂
點破
每到
國際大賽
ponwho
首支
感
歧視
滿足
爆料
位置
Ronaldinho
一點
82
能否
HIKONA
辭職
有什麼
評價
歡慶
迎接
各種
Wardyal
而戰
曼聯
”
jordanlove
應
cjrmt
時刻
95
永久
新加坡
NT300
俱
開賽
休息室
人員
PSG
高層
最終
首次
冷門
義甲
法克
趙
賢
因此
桑保利
jacklyl
東亞
打造
wavek
假如
夠格
morgankhs
普丁
金手套
局
MtCloud
Rakitic
關注
場邊
幾個
參
Luna5566
allenblack
播
翻
組頭
令人
舒服
OceanAdin
2016
最爛
r2394319
何時
節目
現役
93
紙老虎
突破
第三名
快樂
暴動
抱怨
滿
那球
鏟球
Gary0620
看球賽
香港
之夜
闖進
獎
奇
外國
a0919414591
只會
挺進
限制
引發
天下
上演
３
處
Wojnarowski
家族
chocobo4235
意思
misaka10032
我覺
泰國
盧卡庫
jason050117
爆紅
碰
吹
洗
jokerjuju
麽
X8
尖
wahaha23
另類
變陣
停權
出賽
猶榮
轉隊
慘遭
綜藝
拒絕
西
喝
另
Yui5
預言
Adidas
三獅
Ginola
前瞻
提早
官員
推特
會有
放水
89
群
榜樣
賠償
版主
解釋
越
巨星
告訴
Gilardino
南非
保護
記得
隊及
conpo
James98523
懂
你們
丟
G
破紀錄
看點
墨國
Rodriguez
撞
臉
Colombia
ROMEL
超強
jimgene
就贏
打進
敗
請教
西野朗
熱身
補時
Realism
video
職業隊
危險
複
鬼
氣氛
稍
好強
比起
害
熊
瞬間
迪馬利亞
Acalanatha30
smd1201
andycool63
足球門
怪
還
下一屆
作用
HAMI
賣
力
jackwilshere
Argentina
Fantasy
總算
欲
主持
韓民國
2017
打假球
登
changzon
B
這一屆
買票
第二名
禁止
沒法
這兩將
趕出
慘輸
E
lamerbleue
果然
奔
ericf129
WMTUC
會外賽
付費
幾乎
w
還能
黑豹
JEFF11503
NCC
狂
寬頻
疑問
拼
myflame
zxasqw0246
jojoshing
比例
懲處
聊
背號
台足
揪團
西螺
allen9527
年前
提供
華人足球
假
《
已喊
出征
前輩
GER
起刷卡
calebjael
第五回
bidet
奧運
kaowayne
driftyem
kset77
wolfpeter
大怒
它
經紀
涅馬爾
合約
問卦
助
chewie
種族
這幾年
者
土耳其
差點
Modric
lamer
留任
兩
德法
當選
條件
逼平
更衣室
Lorazin
越來
jack801016
母公司
放棄
mobley2005
Griezmann
工作
強勢
五大
100
南美洲
練
“
kinple
az41023
守
住
Stunts
NIKE
季
落寞
levirrrrr
亨利
幸運
最大輸家
shishio7
Shauter
遇
buke
家銘
qoojo2002
ctes940008
p
贏得
dreamtime
大概
進決賽
保留
台彩
趴
正確
businessmen
還可以
大師
表演
還沒
平台
freddy8317
資訊
邁向
已準
nnlisalive
出席
同
Abobe
大將
這球
定位
爺爺
身體
dudu5566
OAKIE
比英
Hazard
接近
雙語
發文
補償
lovelypag
騎
Atima
頻道
故事
當
Kevinsun
藥檢
身材
執法
再現
痛苦
領袖
逼
Luismth
憤怒
出國家隊
rpg1510
落幕
liyon
敗部復活
迎
感到
攻
導播
平均
小時
Lukaku
不敢
穆里尼奧
志
龜縮
配真
音樂
魔獸
論
血
確認
高薪
nthulibrary
半決賽
everodd1114
內戰
霸
合照
打氣
凌晨
餐廳
帥
黑哨
用頭
巴媒
56%
83%
熱蘇斯
因素
名將
smart032679
留
分布
進世界
幹嘛
全勝
速度
之前
總決賽
顆
92
強權
Renert
重演
小將
ceiba5566
人覺
藏
招
語言
michaelkobe
孩子
門神
我大
影帝
lonesomeyu
dunking
。
迎戰
袖
美
驚
Mbappe
主辦權
諷
傷勢
退休
川島
討厭
收入
願
全紀錄
將翼
球鞋
飛
waiting0212
官網
次數
字
砍
容易
那樣
兄弟
剋
最多國家
迷問
商品
FacialHairTz
積分
離開
驚險
無言
houkoferng
eddy12357
建功
推
上屆
wlcoup3p424
較量
火力
還好
急
nl426
qpqpqpqp68
bear26
相
in
Pele
組圖
全數
負責
Costa
險勝
臨時加
開盤
beck0662
dreammoon30
z50905
差距
YouGot5566
戰役
最有
地主國
Ibrahimovic
taka
塞
USAGI0423
Amygo
呆
咬
團
MUJUYALIKUKU
不同
Curry16
Nakata0911
房業涵
Portugal
jacktheone
文
美洲
dearevan
XBOXFANS
打開
終結
擴增
進世
霸氣
麼
代表
啟用
還沒有
取得
有趣
關乎
晚上
潰敗
Price5566
警方
wchfh544
Reus
克羅斯
悲情
改變
谷
herbert0716
kobesuck
觀賽
資格
二軍
挑釁
難堪
訊
狀況
放假
eddieyi
ISIS
一面
D
新竹
Peru
tailop
街頭
缺陣
梗
專頁
掌握
快速
asdf95
足球版
扯
網目
六角形
titanbc
豪言
真死亡
卡恩
參賽
席爾瓦
Fan
accprote
David
退役
否認
首發
計畫
肌肉
票
惡意
abc5588646
whoamiqq
本日
龜
堆
德粉
強者
這麼慘
署
jab1114
ESPN
來當
聯主席
沙漠
迦納
kevin9964
必須
力挺
第六回
區各組
第三回
第四回
席
總主席
柬埔寨
柏良
世大運
建設
MOXIFLOXACIN
各界
提建言
SteveNash13
inspirationJ
girl10319
各大報
lts2379681
rchristenson
reswk
斯切
DORABMON
微軟
fatpooh
oldeight2009
bitinlovedog
kinders
人炮
自大
AMDKX
斯科拉里
Silva
Qoo666
勝算
玩
重返
圈
禁
外媒
使
Ozil
真心
主義
leviliebe
民族
denverkober
先生
落選
sillycee
冠亞軍
李四端
雲端
ttomoee
退隊
嘲弄
完整
認同
轉會費
預告
中華電信
崛起
獎金
致敬
棒球
美好
購買
飲恨
vincentgotu
還在
驚人
國際足球
g5566
Mordecai
照
轉錄
國家足
Spain
法甲
轉會
近年
非裔
2010
歌曲
孫興愍
接機
一般
chiu0938
jessica805
詹姆斯
達
jerrycat0118
只能
ppu12372
TheAVKing
噓
jqk910
連霸
steveaustin
抱歉
oliverpol
神情
第三人
懶人包
擴
不錯
那邊
cmheiia
史
講評
盡力
半
冥燈
典禮
撐
恐怖
addog74
檢討
正規賽
感想
遺憾
好球
theHum
vul81320
LPMO
很會
s410294
很少
恨
場外
sendoh07
mmmn52332
屌
本場
把握
比數
屠殺
進一球
大分
強運
鏟
判
peterj0727
刺激
分配
dennisthc
凱道
這位
主審
Saytzev
格里茲曼
ejijojo
便
noelpower
男孩
Durant2007
溫網
拉度
缺
jt13
能贏
追上
戶外
到現
clarencelin
非法
包廂
爭冠
祝福
Kakehiko
電影
heatthree
舉行
以來
Strasburg
換
Sport
rover10
黃金一代
捕
神奇
神秘
peacepork
西羅
當時
碼
平
籍
重大
akira911
erotica
準決賽
maik7023
高位
戰鬥
偏袒
Xenogeous
hkr91511208
彩蛋
續
一刻
率
賽後心
Pickford
躺
商業
coooooo
造
fifa186
冒
世仇
球是
TheoEpstein
時隔
再度
國歌
魔
cefywo
tyrosine123
超過
誰強
認真問
精采
毫無
w790818
your135
年薪
沉迷
指標
krosby
打包
飯店
屁股
引進
一條
取經
moonrain
莫斯科
喝錯
飲料
離隊
開出
止步
蘇克
父親
下注
歸化
各項
排序
psw788
第三球
演員
失球
randy225
很爽
不到
喔
傻
強度
強弱
差別
前進
仇
封面
同情
inji
neymar
fox0731
狂歡
板上
歷年
均
Bartholemew
哪一隊
配得
沒什麼
MVP
炸
likestefanie
é
第三
x123456789xx
擦
戰勝
穿長
YCf19830416
盤
怎辦
壞
角度
搭
百年
Uruguay
克林斯曼
打算
piggreat
bagajun
抽獎
競猜
射
不進
強碰
有人會
小豬
arashicool
費德勒
整場
散漫
同組
PangWei
JokePtt
變多
這兩個
戲劇
HungShowChu
更強
並非
acetabulum
持續
終生
扁
tgsh
收到
DOIMOI
大空翼
WireShark
回鍋
真是
SaKUraaa
bebopfan
負責任
突圍
重新
IG
勁
gi1234g
qwe88016
心理
戰會
iamdahiphop
被球
傳統
保持
哪邊
西區
whitecolor78
下來
人絕
踢過
GoOdGaMe
水
非常
adidas
Venice
連線
場比賽
LoveWin7
癒
silencedance
賽制
發抖
重點
MinuteMan
半場
qqq2388
Japan
ZhuBeiCity
李箱
豔
sandiegopadr
Mexico
質疑
絕對
Denmark
aerts
小白
vovzz
澀
FAYeeeeeeee
大巴
拉莫斯
暫停
AISpurs56
回場
訂定
賠
神級
熄火
交換
採用
s1300026
斬
組隊
開罰
較慘
l81311i
人氣
身上
葡
雙熊圖
kidrockboy77
場上
深刻
發展
一腳
很聰明
心
終於可以
交手
報告
國際足聯
扛
排擠
太強
兵役
無關
yes520
輸贏
Qtboy
每
課
盤球
默契球
Panama
Tunisia
最帥
躲
打球
改善
TOYOTOMI
丟臉
hn85988643
simonbear
只為
態勢
FOX
穩贏
F17
身邊
samlokiller
程度
恥辱
koberaper
阿莫二創
小編
一組
系統
成敗論
陰影
mitdoh
kawhizaza
雙雄
不贏
最慘
門
Rica
lovecorgi
FakeLusiwa
monmo
德墨
Jigokuhen
日耳曼
隊主
申台龍
clubsir
Korea
包
研究
薩拉赫
當兵
搶勝
現
今日
對方
失
蹤
周邊
腳踏車
過
屎
bbsbox
Australia
名人堂
罰款
提醒
哪位
協會籲
calvinkuo
mod
學校
whales4
狗
賭博
逮捕
賽評
metalica
zwitter
打法
榮譽
神杯
回來
LGG7
贏不
EmilieW
M
ü
ller
粗暴
勿
Taiwan
納瓦斯
留下
地方
st210113
dogsnappig
重疊
shared
DirkIsBest
時機
JerkOff5566
xox5678
氣炸
巴拉圭
對付
比全
還多
Evra
邀請
飯千萬別
答應
兼職
lf719000
歸
專用
糟
猜測
遇到
winner99
主裁
現身
迴
一人球隊
要贏
Hittait
gogotaiwan
記錄
大國
鮮少
藉
設計
梅羅
真強
要講
狀態
book8685
徵求
team
加拿大
評選
shadowmelo
godfight
Stubhub
Nicher116
ErioT
jockercard
Karren965
xontai
scabox
fqfqfqqq
利亞
wasipugi
shenhsu
申訴
烏鴉
貪
喀麥隆
戲院
吐
年代
館
Jeff09
錯失
千萬
伊拉克
鄭夢準
布拉特
dyLathetRee
linda81629
賣票
初步
總理
瘋足球
silogane
替代方案
Neuer
blurry
chieya
四星
pingtung5566
Waiter860
ARG
nvidia123
Cortana
a88050488
巴拉克
Vaxien
調度
路易茲
sssss
西村
克洛斯
科學
荷阿戰
年金
給德少
最難過
ADIE2
djcowboy
拉諾
出奇兵
人拒
歷史關
Luiz
德巴
扶植
kaz09
QF
暴漲
接受
看衰
祖文特斯
TF1
U19
積極
兵工廠
相挺
板規
hsnuoscar
巴薩
日媒
伊涅斯塔
聖日耳曼
疑
專欄
The
詹皇
Muller
揭秘
真實
領銜
粗口
惹議
令
IOP14759
教
賽場
培養
青訓
隊贏
同場
兩邊
chao0201
裡面
訪問
攝影師
埋
入選
sister4949
兒子
利用
有利
短
herohiro
都強
各地
光榮
同樣
MiharuHubby
aaaccccc1
chooxs
阿扁
歸來
名人
Remi
指示
亞運
風波
聯軍
二星
Benjamin
Pavard
法媒
發揮
加
牛
替
wpd
完後要
看什麼
nike
擋
每個
binhankuo
T
即將
咖
下課
搗亂
朋克樂隊
激進
fuxin999
金杯
消息
自家
sings123
webster1112
asewgek
兩度
獎項
亂
fakeoldboy
兩國
不換
cheng135
可憐
Viannet
kliff
zoosleep
Lahm
登上
brabrabra
工具
oichi
Lopez
Borges
本次
場內
之後會
lauwei
８
hoodlumpow
丁丁
dreambreaken
四年後見
看起
沒事
人數
linx210145
要給
計算
蠢
國
vanattenhove
心聲
雙方
glimzerc
姚文智
kenness1019
Kante
Emacs
Luka
情
品質
贏過
冬天開
Final
免簽
w55007
不願面
停賽
冬天
隱憂
要過
playourole
幽默
兩次
APP
leawood
反擊
kohhko
傷兵
喜
巔峰
截止
哪種
洪志瑋
陪
體能
gn7722
造成
效應
勇奪
swatch44
贏下
anjackie
強嗎
魯卡庫
爆炸頭
看足球
譯名
原音
隻
打擊
公認
螢幕
爭
轉戰
危機
纏身
朗拿度
抽筋
1950
tochenmmy
格子軍團
曼城
勝出
劇情
將在
願用
抱頭
怎麼樣
四大
洩憤
巧合
米蘭
ff760725
遭罰
值
催淚
難守
吉魯
浪費
設立
結合
爆幹強
距離
殺手
Ivan
罷工
蛋
情況
會關
注足球
驚奇
有夠
稱霸
不覺
當隊
荒
manysheep
單位
減少
z010529
炸裂
chen841115
趁
快攻
一種
生之年
QQ
ya700
皮克福德
運
見證
走到
單屆
這張
qklaqkla
TomFord5566
Liberty0816
控球
wei850243
抬
表情
心中
賽門票
背景
Meunier
人物
zzyyxx77
上陣
打季
軍賽
意義嗎
輸在
不夠
paupauGO
低調
甩
雷
三個
dagginindi
不給
bjzx5
踢成
Boonen
意願
kevin91
有效
學習
暗期
配是
生日
PerFrancis
例子
twyes
失敗
哪場
至少
當今
困少
押
面臨
幻想
年後稱
將退
力量
溫格
架
招募
kaho894
看法
殺入
引
道歉
普亭
全能
內幕
屁
flywater
橫掃
橄欖
老大
唯一
您
中文
215
太緊
相約
Sky77777777
比克大戰
cartervun
IKEA
小鮮肉
吃牌
goal
huyee
隊能
n199808m
joe09
主流
PJEZ
悔
紅衣
XD
斯特林
daniel0424
針對
leeleeg
看頭
發
嘲笑
dickygto
日常
如今
那顆
六隊
TameFoxx
f1593572588
撇開
真的強
DarthVader
地位
雲
poloyabi
講什麼
CenterOut
賭海
摔
鬍
今天會
萊
粗
鞭
儀式
Xhocer
封死
旅
進算
錯誤
技巧
收場
方
撕破
負評
正評
如此
臉書
傳噩耗
回看
禍
多螢
播報
雙瑞戰
joyfound
單調
爆發
akiyamatt
態度
Shaqiri
alicecooper
paradoxmani
blargelp
草地
最會
練習
重現
小孩
推廣足球
機制
考慮
利物浦
三將
whhw
密碼
歪
重用
美金
一是
大熱門
男人
一人
東區
決勝
發完
NowQmmmmmmmm
十二碼
素質
計劃
誠心
賽後被
數
場不敗
］
解套
烏
瑞
謝
強的
一顆
星
之爭
HomerEDLee
yesgogo
R
一主題
最少
色
不值
打折
致勝球
雲林人
還被
hackisyts
Cger
睡覺
養成
相當
波
打滿
Taiken5566
灌
認
不足
強國
輕取
batista1980
隊體力
無奈
uwobu
泡
麵
finchtw
pennylook
plauge
Daboto
早點
入球
本田
呀
永嗣
結局
二世
默契
fengsongreen
扳
碰撞
而且
Re12345
信心
領悟
tenching
fkt12
隊服
lonandyer
lipoct2015
ott
下雨
Neytirina
樣子
排
pautaid
直
趕
熱
取
西班
boyo5566
門的
強還
Ecampus
太累
刀
只會桶
全敗
似乎
Akinfeev
furuta27
成分
形式
傳控
cp109
Tiki
破解
綽號
男星
薪水
捐
39.2
Km
h
戰不一樣
心碎
閃亮
扶
貼文
秀
姚明
仗
abou199040
掌聲
隊算
認識
跌
crazyke313
b08297
LOGO
這兩場
怪物
kylecheng25
會寄生
寄生
防到
多爛
meisgod
sa92219
denhhy
天使
阿奎羅
哭泣
antiyahoo
All
已補圖
程
畫面
晚林
Gotze
數字
女星
頁
腐敗
求解
hicker
—
打破
沉默
隊內
他害
川普
併
內亂
懵
轉發
高雄
大洋洲
沒收
韓戰
散步
welovewc
戰況
可怕
過世
match
pttpepe
日波
表右邊
visa9527
windbomb
hbkhhhdx2006
人見
佛系
stock5566
究責
魅力
mathbug
SuperBMW
策略
聯合
英比大戰
很難
X
活
至今
版友
Poland
跳河
Senegal
奇怪
球數
ORK
這招
亮
orze04
FrankLP
Lanaroh
JustaJunk
harkk2001
chathin
紅
獲多支
義
負
夢幻
換血
YZUndead
harveyasd
Godfrey0216
高興
不配
帥哥
求
開球
ocean486
Thomas
德韓
爽翻
入場
jackliao1990
Kroos
清楚
Switzerland
Serbia
之光
恐全敗
shadow0326
該給
BBryson
本
獲得
堅持
抓
世紀
該放棄
旅外
leecherry
klose
#
一神
帶十坑
損失
sospeter
ray308
回傳
時會
緊張
Republic
人口
mg0318
四屆
殿
腰
Adolf5566
科索
保證
煎
熬
艱難
首球
Nigeria
甲
印度
下次
abadjoke
指
高下
市
請進
美夢
逃過
一劫
dissemble
爭取
現代
汽車
萬元
faition2
客場
奈國
換作
一文讀
發哥
代表隊
Israfil
北韓
戰平
效果
譴責
cdpicker
吸睛
Morocco
版權
登入
付費區
這些
Egypt
射手
協會
搶標
萊萬
平局
勁旅
低估
第一隊
救星
格策
肢體
四熊圖
路
人身
展開
mimi1020b
l999
一張
利鳥
講古
連勝
球以
軟腳
死守
常識
能進
M26
Deutschland
<
之重
dinosqoo
工草皮
身後的
lpbrother
pele
maradona
No.1
dxc669
懷
雄鷹
Musa
fish510468
權威
家用
12M
會順
挑
巴
報導
兩張
想當
廸
巴拉不先發
公視
線上
沒品
彰化
冏
意圖
維京戰
吼
慘重
hong1126
michael46
遠
LiamTiger
messi
jackthegreat
joem
漏氣
頻破裂
mizard001
攻勢
公司
貴公子
主觀
中壢
群組
曝韓日
意西
受益
強行
HD
遭到
詹俊
成名
超難
踢平
Helloyou5566
體脂
失利
恐失
首勝
正直
還有戲
開局
運用
Risian
丁守
應援
可行
海報
dance5
吉祥物
主題
模式
槍
板凳
少人
樂觀
身亡
慘怎沒人
堅強
友誼
要成
German
冷
ericksson
︰
局勢
混亂
時足球
透露
leehc
BeastRush
kuangjc5566
HMTking
MasterHsieh
團結
不幸
問卷
太弱
aseity
主辦國
糗
這設定
做壞
行為
不介入
卡
雙腿
招數
嫌疑
NotSurprised
伊
特
絕世
必要
戰心
100%
line
兵符
夏維耶
影響力
申台
s9321312
realvn
uuZb793
Spade
科威特
倒數
R555b6
入
希臘
提出
轉讓
阿爾及
膝傷
FAN
不敵
鎖定
brain2906
教版友
囉
權
韓媒
切爾西
tkdcoco
第十回
一覽
第八回
一輪
第九回
第七回
率先
pcmaner
影
連敗
強賽
阿聯酋
戰柬埔寨
ilqgray
寮
貴人
任務
誓言
突襲
第四輪
大會
haskey
預算
何卓飛
規劃
coupe
hichannel
實現
爆卦
bepoda
新世界
升到
累積
望辦
高卓人
tonytsou912
timmomo0912
gg90052
Big
data
一萬七千
lovepeace83
奪金球
─
難道
這道
Lucas500
macassans
geraldwang
com
Kobe
基情
kuosos520
Fred
苦
會大漲
colin79813
刺
KUASkako
首頁
幾點
GilGalad
GLAMOROCK
改寫
NANASAN
taco2414
Castrol
Index
奪季
戰應
BRA
NED
applekim0012
capo
建大本
營立功
tombknight
無限期
Zidane
LEDG
毫無意義
之後前
途茫茫
頂球
砸頭
阿荷
前四
弄
分分
黑暗
慘案
緊
hmnc
zhongken56
pchunter
雜感
panzerleader
Bild
水果
張圖
這還
亂談
drgraffiti
Krul
五次
WOoVoOW
全民
author
中南美
天價
永續
茹素
碳球
U
zero00072
紀念
新增
對戰表
FINAL
很快
忘記
羅馬
錢別
審
任
但須
奧步
黑手
續約
美足
合影
wenen
效力
族
mbeki
評
樓
入圍
iamnotgm
某個
接任
哇
好友
說法
賽後評論
感情
錄影
遲到
盛況
暴動小貓
指控
收藏
年度
銀牌
同一人
具備
當作
Waka
MV
震撼
遊行
創世界
學
北京
退租
舉國
學到
想要
母親
Facebook
空虛感
KYALUCARD
帶給
紀念球
閃電
周
鬧板
littlerocket
足球少
suikxptt
浩瑋
運動員
金牌
十大好球
各大
名為
八年
2019
回歸
鬥志
fen1110
tsoumoo1988
朱立倫
掃
驚艷
退敵
解密
beck0617
thuplayer
五個
地鐵
改名
IronHand
PTT
右邊
2000
裔
母國球隊
打幾分
會留
會失
AC米蘭
拉松
非原標
熱銷
8.5
最失望
FIFATV
chenken
甚至
比足球
還花
創意
戰局
萬件
開賣
OPissue
舞台
安慰
預測文
庫爾圖瓦
落淚
維達
限時
sthho
傷亡
王朝
jhemezuo
面
AAAB
克隊
Round
前三名
沙爾克
看來
陸足
可不可以
法克戰
bumingjiueli
siaosix
wwewcwwwf
pocky0511
帶來
效益
手上
人要
登貝萊
風假
天份
混血
Ruby0914
踩場
KobeBryant56
DbErNyVaEnRt
女士
還要
頒
旁
光頭
所有
很容易
洗白
症
erosha
安慰獎
我來
Waitaha
der
jeffguoft
turnoff11
punksir
s512874690
抓到
GGdardarder
bastienne
反指標
腳法
賽是
大勢
fanssica
出招
精準
五月天
歌名
還差
焦點
賽到
笑話
主打
強攻
換下
安心亞
有種
fu
kugga
重蹈
嬰兒潮
HIGH
dreamka
冠亞
很多人
一萬為
這天
遭開
必看
戰賽
supermario1
先知
照片
真難
j80025333
兌現
養眼
台女
最想
人們
贏是
圖片
外電
c1951
EChih
歷史性
有大量
一截
比威
當然
anna615566
＼
ﾟ
diodelin
萊萬是
球品
勝率
GhostFather
嚴防
1.2
出動
yolin0119
玩個
抱
推文
101
g21l
莫少
健康
蝴蝶
mollykuo
法比
戰了
Maguire
之旅
驟死賽
吳
電商
離
BigHurt
原地彈
宣判
混分
未必
下季
英格
賞
VIP
spineless
因傷
辦事處
逃稅案
過嗎
勇闖
發放
居前
lucky70121
這次會
知
基蒂奇
我願
公里
冬季
circleli
翻譯
總評
單車
慘劇
漲
最多人
經二冠
露天
艾菲爾
鐵塔將
關閉
遇上
毆
改賭
嘉賓
優
不容
南美足球
滾出
英文字
滾體
下載
金頭
獎和金
激勵
毫無存
aliensu
柴崎岳
n91378264
法則
sartan
轉籍
飛雅特
工人
大功
最棒
apestage
yveslee
爬
埃
行程
gary27
oblivionion
創造
看輕
不取
入鏡
外界
沒想
Kalinic
晚餐
高盧
eva00nerv
消防隊
壟斷
願有
索斯蓋特
hmsboy
catyawned
英克
哦
janshih
很帥
有名
三喵
ai129220
ponynike
暴力
viclin1982
二隊
襪子
注意
Rzepczynski
ArimuraChika
oopalao
麻
不想贏
Key
men
塞克
喬帥
阿西
埃西亞
引爭議
有人還
幣
最佳進球
P0PPY
空中
lim10337
幾天
合格
wike
網羅外
可行性
BTS
EXO
獲選為
少年
獲救
獻給
跪
賽好
虐菜
colapola
自稱
歐洲紅魔
最大弱點
狠
iamshid
締造
超乎
預期
號有夠
配
姆
Juventus
1.05
竟有
諷刺
JhaoYou
skbboyz
IRONRANGER
男單
堅決
人哀
概會
零
距
一步
NEKOWORKi
可惡
如何度過
這漫長
張
恐將
yji3vu4gj4
a8971882
穴
球會
誰贏
看不到
奧運會
允許
挨批
一員
ChAngie
她
出色
yousei5566
西方
科比
折扣
爆退
家隊
煞車
Rooney
沾光
小心
史特林
拒
MIT
主因
電玩
cg9
審驚
爆收賄
將被
反英
已成
比戰
小國
滿客
風暴
言論
奮戰
老將
有多強
beams156
困難
女友
老婆
到場
大嫂
夜店
黨
不住
好法
家庭
取代
贊助商
球英雄
岳母
不如狗
cmcnoone
花絮
隊由來
shter
teruo
世界級
花大錢
Subasic
熱度
普廷
以下
實在
味
MrLuna
high
出生
800
惡
探
吉諾拉
投
戰袍
嫌
翻轟炸
willy0527
kiwibee
聽得
頭頂
吵
只想
nickwu02
現今
zyxcba5
Gea
貧民窟
Lumia800
bestcheer
妹
沒勁
五支
9gag
DonRod
魔力
換裝
給耽
誤嗎
cookiez
唸
報價
berryc
想問
ayahoo
國門
有些
各
Sweden
拜
paericsson
小學生
遭批
年紀
喀山
噩夢
眼淚
前例
列茲曼
MRQQQ
特價
生活
player6693
統治
隊名
名字
贏面
體驗
專心
華麗
kukockuo
hornisse0416
知名度
祭
太早
隔壁
念法
外援
賽會
贏啦
換封面
Non
一台
用什麼
放羊
浮
coco100
矛與盾
m800924
Carrasco
沒力
曼巴
最大毒奶
下面
rexon85222
還敢
虧
空氣
WhatUsay
子
頭
brazil
救救
錯過
太神
士氣
高水準
waterbucket
唱國歌
syanoh
Fellaini
重視
matthewq
鑰
門框
美式
wesley51231
延續
突然
擲
銅板
尿
Ericz7000
leo0873
ok
skevin
數會
肩
國爭
賠償嚕
又毀
好事
Cosmosooo
Eric
Cantona
部分
以及
whitelady
天天
意甲
水平
自願
歸還
桶
搶當
尊
北非
太誇張
重傷
報銷
重賽
專屬
四戰
衝突
耽誤
父
身高
傷退
棄用
地太浮
誇
amorviva
破除
妖鏡
擺脫
一路壓
隊勝
足球史
旋律
投給
能不能
andadang
很無聊
皮
熱情
轉成
下手
講話
人到
角色
怒噴
懷念
dotZu
森崎
Marcelo
bossiverson
主動
fancyooo870
夢碎
深深
催生
哈維
配合
電爆
綁
為國
盤點
設定
肯德基
不知
Ｋ
擺大巴
biglp5566
差額
最挺
比完
強第
wayne2468
收買
北歐
球小勝
nicky1245
缺點
雙
面對
不樂觀
打贏
強結束
→
Guoplus
Sanchez
英哥
哈登
拿牌
執掌
募款
幾
sheep125
vmist
抖
匯率
人轉
盤該
［
燙
過關
率會
ggggggg
gloomybeer
hardy5566
lead0722
不小心
紅色
系列
版務
避開
___
配色
褲子
心痛
組成
soconfused
戴牙套
告終
bemaduro
尬
關注度
然後呢
解
沒錯
命運
不理會
當初
輿論
變化
OCHOA
金交叉
身為
氣質
依據
信
不意外
sgds
受到
一代
對面
500
a1b2c3d4e5
他賽
爆哭
運動家
小新
強戰
戲碼
最大國
Greatgenius
不學
贏在
Yeanfan
rockon15
日比
瑟瑟
p520888
會演
表示
漆
抉擇
究竟
史萊姆
將贏
mcrobert
解決
zero95154
一分
壽司
點期
khahacc
演得
MaInQ
kochiyainori
人如
何表達
韓友
jigger5566
不出
hipya
stareggs
無人
美足聯
barry630621
ql00
必
坎通納
一碰
打轉
精湛
多數
Milktea228
常
衫
nomorefoggy
林煒庭
msk127
輪到
抵
人家
elta
擬
大戰前
苦戰
跑步
近乎
隨
時為
什麼後面
一排
兩樣
Pk
只無意義
控球率
abc3268
滾動
gif
七成
最貴
德赫亞
奶油手
x5533007
灣
的關
aryten
noldorelf
andyboy10
活該
祝
雲集
射正
保底
發威
之後有
l95566
發音
kevin7770726
AKINFEEV
左邊
宜
造謠
Iniesta
排行
bulecate
PDoo
比比
神撲
Pepe
Ramos
roder
不太
資深
賽有
Goei
比之戰
瞄
jombo
該棄
IN941
Willie01
何
kyouya
沒用
sam355322
紮
4K
名候
補隊員
以贏
什
嚜
ss555136
TaylorMade
重
砲
弄個
蝦
頭銜
用手
寫給
eeoo78
菜
最豪華
wonders320
legray
1270
未能
美媒
幾分鐘
moelin2007
人為
hank61910
IloveSogo
不思
改進
MarvinBagley
支援
righton
道理
facebookptt
違例
配進
jimmy5680
比作
等級
MrStone
IPSVATN
常常
腳力
更重
shadowth
Tosca
想到
團報
術語
GIROUD
剛被
打過
卡位
離場
coolcoolma
不堪
三隊
帶隊
danny030303
該換
cavani
八
尺度
寬
穆巴
珮
兩年
風格
動距離
yuting020312
先前
沒來
超帥
wolfgang1113
中間
atnight
終於看
作弊
問鼎
防不要
雷是
早就贏
pikapi1012
剛才
iiiii
媲美當
neuralandre
放槍
裁
連中
紙糊
cry
for
me
王柏融
超貼
有用
太晚
會師
牽手
傷病
大多外
籍族裔
兩強
文化
jabari
過程
wannastop
過後會
不攻
切換
集體
消失
搜
感受
delphi5566
遞交
wwfrock14
99.3%
TWNchurchill
很心痛
整個
充滿
打爆
百分
clyukimo
放眼
競賽
半區
linpat
推銷
jfmov
改一下
晋級
IMTHuni
卡恩震
怒點
凳
輸一球
得過
Kbart
毀
內訌
田中
將大
武士
裏
進會
amancan
暫時
西野
監督
品牌
missdo
點應
這裡
乾貴士
帶球
aseans
尊嚴
蕩
jarr
蒼井空
最爽
韓之戰
nessie97
牴
觸
指桑罵
槐真
北海道
章魚
敗給
seiko2023
戰法
強對
國際賽
hucgly
FeiWenKing
觀念
分辨
一件
dennis3w
adion
vhygdih
更差
DragonQuest
Avvenire
不定
還難
LaBronJames
做球給
IloveIlhan
通通
險
翻船
線
臨場
決斷
nekoten
Aatrox
garbo
護航
體系
eessddy
tolapee
強在
犧牲
列
baumen
契球
Kirbystar
200
用戶
重建
終戰
Oezil
國籍關
男
身
招牌
五熊圖
慘
toymilaran
胸前
一問
侵權
兇
yufat
暖
uhubi
左右
yogenio
形象
Ozlar
將對
痛擊
包圍
看不太到
城市
刷
元首
當過
Round3
YWCT
新生代斐
納進
攻強
mystage
TBlack
三級
四級
賽區
鬥獸
棋
烙賽
nanako81240
沒看
wang7752
GGGGYYYY
炒
賽後向
circlelee
場對
jameskey
gemini2010
達到
鍋
貼界
頂點
免役
clandace
信仰
湘北隊
從來
顯影
Day
忘形
defendor007
迷改
blue1011
yutapon
oldfatcat
快訊
bluedkdk
超爽
機票
國恥
本版
隊將
出乎
預料
承
社群
風
爛
youarenotgay
沒關
WC
Anbi
隨便
立場
估
很勵
sloth5566
hcrcool
號是
JR
球往
概念
過癮
怎麼贏
拚晉級
守護
比中
集裝箱
附近
比肩
隊會
whitefang10
打得
滑鼠
酒店
陷死亡區
以點
帶面
將火力
全開
拚勝
lostbook
肚爛
拒爭
終於
雙頭鷹
巴德
羞辱
幾次
標線
簡化
waiting0801
alangge
每屆
Rojo
前場
產品
最受
cklppt
定義
腳軟
重回
全台
不少
ZIDENS
梅粉
bigalow
太幫
Ö
zil
L
組名次
不看
攜手
播放
薪
1401
3600
良好
友力
文在寅
企業
撲出
失手
日凌晨
輪休
湧入
將對戰
回英國
微換
搭配
問個
雙牙
罰下
不輸
最早
不上
liuyt
壓著
龍頭
專區
機會贏
kkkkkktw
螢可以
調整
掛掉
不開心
一定贏
RishYang
東京
涉谷
live
捍衛
業者
應洽
授
進子
母畫面
reland
jimmy9527
協尋
Saudi
Arabia
賽後合
唱海賊
最老
不派
能成
聲明
pwh811213
and
投放到
ulycess
猜錯
露
朴智星
算個
意義
鬨
兩輪
早上
節奏
哭慘
再輸球
恐接
兵單
lupinlin
最美風景
塞隊
看台
遠端
遙控
feita5566
隊晉級
沒不好
小魔獸
UK
輪覺
一席
參與
法律
正夯
.......
□
z748596z04
絕不能
r557844689
顯示
達海猛
KO
lesterc
edge123
madokas
陷阱
戰女
接觸
DanGong5566
豬隊友
倒立
大樂隊
潛規則
歡呼
傻眼
背水
臉色
ing
近三屆
認證
脫衣服
夠
f14mp5
安好
咦
要還
低迷
查
小羅是
最華麗
WuSam
踹
戰高光
ytrytyt
生機
拐氣
鼻
習慣
請益
不爭
Volgograd
敵
海邊
墨德瑞
韓晉級
之手
受害
罕見
保險
跟克魯茲
當心
韓民國能
隊有
j022015
motorolla
andy3391
渺茫
胖羅一樣
M28
跆拳
一城
稱得
阿札爾
球球證
直言
沒想過
HermesC
反同
遭地
高過
７
g9207995
Roberto
關心
拋球
沃愛恨
情仇
現在球
傳給
駐
餘
七
闆
哈里
進兩球
留學
cover543
M19
圍毆
Ahmed
阿根
麻煩
消
太過
FreeKick
nellyy
candon
合理
變陣致
建言
幫助
揪
鋒線
光世代
JKLee
有史
陽光
投影
BASICA
進去
雙人
rahana
吐口水
右
給錯
問號
入境
聲
遭血洗
藍白
Telstar
形勢
閃
貴族
toshihikone
一線
基本功
期望
太高
不設
圍賽
lcilear
MaInJoke
哭什麼
機會還
苦吞
前主席
缺乏
明將
Maradona
三次
樣式
在場
領導
Yierhmo
明燈
我方
鳥
bond30422
ya245011
金童
只要
雙雙
冒著
正面
hogarth1985
Chloe1230
只進
同隊
peter080808
鐵粉
popobear
無礙
mvpdirk712
輪小心
熱潮
推出
唉
相同
圓夢
預定
蘇阿雷茲
致勝
有輸給
告捷
LD
管道
隊友們
郊遊
定律
z6936
生死戰
隊報
麥當勞
給我
M16
億播
可求償
辦權
宰
alecgood
a0000000001f
拉警報
大哭
暖心
藍色
塑膠袋
振興
專
取勝
劇本
渴望
披戰袍
用鮮
spaoe
太大
六
加持
FakeGPS
為榮
第六比賽
鬧
NHK
強穩
暌違
回去
耶
加罰
verdammt
指望
獨辦
Soccer
zeeda
戴
1986
輔助
Sean
Garnier
agill
回防塞球門
安全
﹁
專機
做弊
證據
人真
要當
braai
比照
戴維斯
外國二線
入籍
摸
項目
dick20018158
伺候
lol9978
logo
史上頭
一遭
億美元
詮釋
RichWomen
許下
知道後續
女板
Lionel
退費
多久
胡梅爾斯
村
蒐
天堂
六年
百大
justinXD
傷
qwerty110
下一個
topic21000
M09
PUTOUCHANG
竄
Schweinsteiger
要性
串
evaras
隊命
運將
預言大象
北極
HiNet
陣地
維持
leighmeow
女性
In
Numbers
Bale
希丁克
精神力
輸定
＂
fatisuya
工廠
假來
鎖死梅
妓女
N
銀河
艦隊
壓縮
數量
勝分
look1214
意大利
亞
陣到
一役
可成
比想
職導演
wadekuo3
中資
螢頻
法蘭西
指南
真男人
willy61615
代表國家
高清
外交部
小長
半圓
GSHARP
西葡戰
app
那一顆
網頁
第四
導致
還沒出
FionaJR
訊號
穩定度
ebobkz
嘎
φ
._.
這麼強
有人家
BB
創新高
調連結
brian142857
怒斥
封閉
不得
反團
結球隊
矛
嘸
M01
名次
gotiger
基隆
orz
不理
談論
shanelin
Power
王牌
再演
會出
tatsumi2512
龍號
johnnyckvs
視頻
誤判
蘇格蘭
pndrt
▽
o
█
以色
放半天
強球隊
Raye611084
奧地利
批准
美夢碎
號召足
首映
數十四天
烏克蘭
*
XXYXGAY
板橋
吶喊
夏
axzsJJJJ
明
東道
Preparations
from
each
五月份
普拉蒂尼
烏茲別
納因
秘訣
義大
擁有
特選隊
戰情
遺珠
人人
初
行列
開戰
千
Line
iddqd
國聯合
抵制
中斷
kai0101
難度
經驗
干預
瞄準
必輸
巴士
Vulaine
涉
洲際
變強
宣戰
143
創歷史
場館
區出線
厄瓜
操縱
時程
出售
威廉
兇猛
占
點對決
照樣
紐西蘭
輪椅
聯合會杯
切斷
各洲
坐
charogne
外圍
維安
槽
滿滿
第九輪
第十輪
第七輪
第八輪
秘書長
布萊特
萬美元
愛爾蘭
美洲杯
十分
礦工
認罪
第四名
擴軍到
互
關島
賄賂
第五輪
第六輪
多名
官涉
知情
有傷
港
qdazdew
停職
參選
完成
巴勒斯坦
帽子
嘆
失控
起訴
詳訊
會長
台越
growingup
邀
人心
台中
shenasu
投票
失去
總涉
商定
涉案
亞預賽
五人
賽次
田徑場
重選
汶萊
探軍情
Ori78
歐足
延冬季
會想
奪得
中東
多國
首冠
簡直
飛機
接掌
joanamyx
歐元
駁回
libradollar
還想
揭曉
航空
pilgrimangus
請辭
三星
to
東亞杯
機器
m
球學校
博斯足
球台
海超
邀請賽
敵人
Ferdinand263
鄧加
協議
投入
消費者
權益
卡西
戲院將
冷處理
隊慶功
最沉重
十億建場
衝著
b9111111111b
爭霸賽
124
過後
煮
茶
論戰
OleUnited
韓足
大躍進
kobers
村留
數千
kissyourbi
圓了
手繪風
特蒙德
香川
進屁
股裡
ycl94
cash87922522
蕾
哈娜
不愛足球
轉載
卡報
場地
戲院播
賽明
知斷
beefs
名字用
Aerogel
b2209187
john0liang
一篇
文章
港譯
深
recipro
還能強
mokia918
smad
傷心獎
問到
沒拿到
落敗
shiki65535
HanJie
強大不起
殆盡
告急
私下訴
鉛
fish20730
hi1234
王克洛澤圓夢
要小心
參賽國
日爾曼
LWK
mozoa
破美洲
yanggiin
google
KuoChingKou
terransoimba
貝利
RunDLL32
nawy798546
yoyoup
cvaan705
重壓
拉多納
howardly
鋪
yajenhina
問快
答
jiababue
阿圭羅
此次
Fuzywind
claire0301
nVidiaMMA
fushmusic
^
達成
SPFH120
KernelChen
想贏
kinda
時光
平移
跳轉
需
弱點
bobo0255
絕望
阿奎羅有
衝擊
奧斯卡
hand2
配方
辭
scottnet
優秀
ciccio
預祝
Persie
breakdown56
jasonvan
唷
Hummels
德自
曝對
何西
2006WC
單純
chchu0708
truthPP
女神
xeins
狂批
MondoBongo
聚焦
tenweli
.....
德若
克洛澤可能
變派
尚未
殘廢
美斯面
boss
小馬
賣命
激勵門
Ｊ
廣州
恆大
最壞
garnettooo
平庸
可直接
德爭
撕裂
戰輸
有十勝
有十敗
預知
MinusD
預約
德巴之戰
張路
9GAG
godwithyou
meianhua
喊口號
扎根
推台
交鋒
糾纏
半世紀
mrieoi
arsl400
IF
沒區別
沒意義
解散
阿大戰
智慧
賽潰敗
年慘
飛翔
goals
SF
bepatientlcy
學人
防真
崩
拉卡納
LYS
yukihero
將共赴
ancruse
克洛澤還
辦到
冷靜
hochengyuan
賽賽
民眾
Tiago
差太多
andersonni
Scorpio777
隊現
法算
tiki
首腦
巴德之戰
宛如
青少
aaagun
不可能
趴吐
附圖
asdf2004
朋友神
AV
agnesfreda
awaystar
k
anjohn
Daysleeper
SungHyun
往年
有過
elfranger
Thiago
丹特
SE7ENStars
連四屆
elic2577
戰前
SuperPigs
小朋友
紀念幣
高溫
redplum
克魯爾
脊
席爾
退賽
高空戰
人何
獨酸
╱
剷
條腿
不靠
段
陣前換
李納克
影響性
dodoro1
Ting1024
encorej02071
Hulk
盤帶
早日
方向
出天
裸
不過
Tim
Chipperjones
黑白講
譙
fountainNess
還少
烏日
高鐵
最大電視
牆
腰椎骨裂
抗
巴哥
條款
y
尊敬
簡
xx
播得
bman
中意
已想
人感
邊衛
增國際
劉福財
說球
靠民間熱
recommends
title
date
場誰
將抵
都靈
票價
隨他
拍新
簽
拿坡里
愛爾達將
snow02262
懷特
Aguirre
相隔
鈔
雷射標
06.15
盜版
正如
假疫苗
賣給
男女隊
搭機
艙
續簽
哈利
霍季
奇狀告
案開
Osorio
不續
sadmodand
賭神
德州
撲克賽
願留
暗
埃梅里
會為
定制
是當
哥籍
hazel0093
首
挨撞
血流
如注
歐錦
大好
球解
走進
錦標賽
盛宴
散場
ppdev
拒為
震驚
社會
奉獻
仍不敵
重思
總裁
融合
空中閣
Best
Men
Player
高空球
熱愛
隨時
來電
森保一
Aurona
NTU
野生
乒乓球
沙基利
利物
krad0127
FIFA98
amoroe13
發表聲明
偽證
釐
清
Corluka
結婚
表白
特殊
回鄉
Lingetals
策劃
超猛
變凡
盟駁
斥
聲明稿
一事
超龐
人集體
旅行
聚餐
獨缺
下令
maylong0928
集
Dalic
遭球隊
peilovepapa
神勇
不怪
沒人能
資格領
退回
今天開
英西義哪國
kodaayu
撩妹
語錄
兼
smallsix
賽運用
AI
ESPY
lkjhj888
足球板
遊船
簽唱會
一號
打掃
酸爆
maxhung
獨家
剛踢
系鬥
Perisic
Mandzukic
大雞
逗趣
小事
0720
gatawiselot
高級
一樣還
k10055960
保羅尼奧
不為
1600
人公布
超新星
公牛
命名
iriki77
hahabis
謊話
戰先
amy3563867
球褲
越少
計分
奧斯卡級
PEA2
eric03170427
牙買加
波特
澳超
試訓
熱烈
返鄉
時限大
半之水桶
天數
熟港
背叛
北控
解約
博士
學位
還是將
gunnimom
之聲
出桶
實則
委內瑞拉
馬雲
年世
loves
Rose
改標
處女秀
欄杆
cedca
從一而終
同球隊
summerbaby
再續
前緣
ruler2
腰部
骨折
長谷部
cat886688
bitchmanine
依照
ssscg
國高中
推足球
六件關
可不知
ronnyfrc22
Po
遭解職
贏德丙
deeder1
Robben
人稱
女兒
最衰
圓
sandysam
amy93
2008
mosQ
Igraj
moja
Hrvatska
玉面
gn02234651
坎特
因腸
胃炎
現有
各屆
辦得
surenas
看本次
matico
中看
中用
小介
倫敦
南門
索斯蓋
特站
新王
不及
7.49
飆新高
大好球
精選
RedEireE
之後要
集合
quick01
免兵役
13.57
創新
pups914702
歐錦賽
私心
手邊
職業賽
會晃人
地緣
罪
yiyji
盧秀燕
輕人
如同
換一下
kichikuou
關版
x0952
耐吉
已悄悄
印製
包辦
ET0001
國效力
梅羅四年
mpc9527
這個還
懊惱
球十年
復興
關了
鐵漢
沒能
這麼判
新科
談退役
家樂福
摘
捨
hsinofkids
再奪
紛傳
leefour
銅牌
湊滿
金銀銅
最佳新秀
波爾特
來見證
法隊
比日隊
mahohua
幾面牌
怪怪
FastGunMan
Antoine
當之無愧
apprendre
睡醒
jonny60604
蠻強
zxcasd897222
沸騰
奠勝
之心
doyou123
Giroud
魘
穆爾涅
幫父
親圓夢
工人到
掌控
績
不易
timer000
last
game
最幼齒
空虛
凱旋門
實況
proprome
每次
回想
JOSH
yoshiki8273
冠能
幾個點
舊版
akemidk
LV
老闆娘
pig761113
cain07
賽後一點
tiamo0999
下大雨
Benado
nameandy
太水
johnwicklolz
跌破
眼鏡
jeremyme
示威
釋放
賽算
最雷
偷渡
我義
oneyoung1121
克是
姚文智發
賽文
s0806001
mars841122
ITV
m10
雨下
color345
雨
怎不撐傘
Geiwoyujie
組一支
跨國
NightStick
yonggan
獎都
版上
兩萬人
yehmei0102
最濕
破產
尺寸
亂入
自動訂
閱記
檢查
純金
變形
霸權
多納太羅
james850531
密集
恐懼
david0426
brli7848
.............
聖帝
乞
丐
vaude
羞辱式
UGLYLOSERS
tacss
我贏
回饋
bian56789
Hallucinogen
Kaarlocce
場踢
169
數史
Ommmmmm5566
怎低
ck12
xu35l
琣
高度
總結輸
贏多少
MacBookAir12
能過
含水量
滿多
mylove2256
各是
絕妙
madaux
以安分
triplefree
luvstarrysky
哈炸
賽有何
剩多少
MOMMOM
篤
定克會
whynunuwhy
奪下
年後見
eric795
押法
彩券算贏
yyyyang
x0321j
一臉
boomb
鼓勵
CasspianHttp
亂版
永桶
鬧事
哎
克克
mnhyuiop
兩位
minisung
不放金
探子
季軍日期
衝場
GOFORYOU
shorty5566
藏招
kenny468
lulululula
chuba5566
tea30727
太歡樂
guolong
透
鬧場
danish80924
專精
超遠
戰會放
再傷
NightEleven
TimmyDD
二號
心裡
是還
球元素
大公似乎
壓中
買克
HABBQHA
張開開
tobo
有人串
比法
爽贏
性是
XDDDD
抬出
ET01
左右邊
剛剛賽
前克
拿伴
手禮給
截至
ss61512tw
用板
螺絲
用測
謊機
判定
aa111405
克粉現
會給
洛里
發誓
杯覆轍
妙
Dino14124
佛心
nswrth
gp61g42ji31
CAMIYA
打鼓
一集
府
夜
翻天
回報
ruok889
季賽
a19870704
爭冠前
夕
隊相信
做會
賽登場
隨隊
Monopoly
開箱
chiefviola
Before
rrazer
要壓
判斷
這影片
jackpow
anythingok
landy924
歌手
考慮給
大哥
遭戲
稱水貨
露屁
股承諾
美尻寫
bugloop
法鮮肉
一夜情
消除
負面
安排
自虐
Ryuboku
二十年
非正賽
Loveis5566
賽絕
達利奇
從亞
簡單
舞
不會贏
賭金
雙贏
荷比
盧三小國
盧森堡
差人
ahsption776
轉眼
tungalex
廉斯是
were40228
死守球門
jamining
將與
國領
導人
倔強
歌單
將捧起
姜文冷
科幻
Srce
Vatreno
Anime
OP
ｰ
局進
可告
bluestack
神救援
同一屆
打死
瓦迪
約炮
選一夜情
最哈
夥伴
牧羊少
永不
a27783322
egg9good
幾張
jainanmau
超新手
那種
法報
克哀
嚎
索思蓋特
kusocurt
獎落
萬警察
小遊
戲順
怨
說馬拉度
種方式
三輸
hsia3762
patana
小遊戲
順便
足球緣
立足
forgenius
romeogigli
打太久
還久
連和馬拉度
ruler76818
wwwkkflower
播完
害死
已經連
場沒有
littlethe
喬治維
阿有
還欠
點什麼
miler22020
最水
哪雙
號有
jiagcvk
疊羅漢
whatupmy
chenwj
裘德洛
sugimoto0607
破手
死刑
skys1036
數從
強開
始算
純
前面
比對
手多
guessclaire
阿斗
輸真
爭季
再尬
趴有
婚禮遇
deepfreeze
釜
山電視
獲威爾史
密
斯
最酷
比台譯
Malchut
遭開罰
DJOKOVIC
紅隊
DivaNight
聲音
批龜
縮式
駐台
doris520
法克之戰
週六
新莊田
徑場
週日開
勵志
時坎
特還
垃
佳經驗
我願用
換大力
王穩
未斷查
仍有
食之無味
mattaus
送大禮
邀泰足
球小將
Djokovic
反挨批
雅人
有類
似足球
屆大分
onemagic11
kobe089
拍板
定案
榜居首
因故
pigshowrun
新手
意用
一切換
emi20010930
前一晚
發燒
腿力
破天荒
贏可以
選對方
一位
傭兵
建國
有榮
焉
北約
領袖拉著
英國首
相看
港台
對照
edison321
南非隊
舞蹈
超捧場
視為
金礦
英機構
輸球家
暴狂
lulu333100
短片
Figo
Alcala
rebecca0904
年產新
盼成
cirano
友
正邁
ahoolight
碧
咸是
金右
得贏
xl3m06
般
變六大
警馬
成熟
拉姆傳
決再演
法體力
佔
靠近
這個價
超清白
無陽性
週末夜
Kocs
最是
一擁
溫柔
硬漢柔情
sh930302123
冷知識
兩側
極高
centuryboy
巴薩篇
分庭
抗爭
頹勢
漸顯
kuro1994
kingrj
完英克大
戰後久久
Nestor
Pitana
週日
烏姆蒂蒂
dustin064
噩耗
遭遇
佩里
西奇
陷入
傳喜訊
薪嬌
妻性
感女
插曲
全勝隊
促咪
進酒
防立
洛夫倫
VS20
花媽力
金曲
新人
茄子
埋葬
台球隊
assasin92
seattlechris
掏出
放回
CChahaXD
頭上
脫內褲
採購
SuKen
球要
看火
消防員
神速出
soujaw
賽史
420
小國演
dragonash13
flameofcray
得八奇者
可得
迥異球
風別
苗頭
搶眼
還送
客
板標
粗俗
犯兵家
大忌
售罄
conanan
克結束
koei1912
兩天
太血汗
外國人
招式
名稱
策贏
賽重壓
不管
寄誠庸
紐卡斯爾聯
那英國
英熊
戲耍
Larinee
最意外
四天
王中
s097010
破梅羅
Oxerman
reincar237
這批
Georgemerry
Rashford
幹麻
s10010818
隊棒
已付
膝蓋
滑草
皮會痛
bean1013
英克大戰
一塊
拼圖
衝去
下輩子
XXXXXX
ZDF
cmpunk66
vida
同一
很不錯
ueu72312
接金融
大海嘯
lag
skypons
qqq123455
只輸給
一二名
t0334407
kelosh22
PERISIC
不符
評惡童
聯希望
出鏡
xrururururu
腳過
kuijun228
匹佛
埃西雅
機
在尬
有人期
顏值
神鋒
阿扎爾
大跌
centralperk
沒特別
罪人
polochin5566
Nainggolan
houji
同學
xup6m3rmp
還夯
藍西裝
plzeatolives
andyend
小孩去
一支
看著
扮
攔路
虎
作戰
近五場
球頭
不甘心
巨星輩出
完美分
億轉會
肯恩
比蝸
還慢
習總足
球夢成
兩岸
人味
少銅
臭味
miaomiao35
賈斯汀
演唱會
歌迷
懷特論
不性
無團隊
協
618
會員大會
doepe
這一勝獻給
泰足球
泰足
Januzaj
字體
ilovema19
拉莫斯滑
獸
按國名
諧音
太巧合
一路贏
英國人
全無
大腿拉傷
咬牙
MBappe
Diversity
猛攻
成功突
梅羅以
外天下
kbdgoreinu
差一步
130
菜味
榮耀
行情
ssswitch
arthur061178
姆斯
已驚喜
過望
caron0225
頒給
POGBA
母湯配
幻滅
博物館
寧願
指港
人戀殖
愛國派
挑機
無期
陶傑
超不合
還叫
多納
shiela
輕有
潛力
隊能否
年二連霸
Umtiti
158
掀旋風
oooptt
決賽強
改期
f6012950129
會讀
心術
BusterPosey
額外
沒頭
wolfwang
開花集
驅魔
冠只
億元
防失分
最長
幾連亞
擴編
先行
hidetoshi
勾勾
牌現
staff23
9999
Jerry250
理解
法贏
aa6300158
志瑋
サ
ガ
ン
鳥栖
opengoodcars
受困洞
泰人要
EQQD
BestGarenTw
樣會
列入
SpringWill
gogo11303
火氣
打起
來算
geneabcdef
底旋風
大數
據
管用
應搭配
盛會
多變
泰脫
醫生
抵不過
邊界
敵人陣
StrawBruce
十大不思議
給志瑋
一頓
合計
名非裔
法比戰
公開信
cbr6000810
40EE
豪大
巨乳神
d841129
戰勝英
吸氨氣
繼挺
北
颱
名牌
精品
球未進
主要
非主流
挖
賽穿
英駐
紡織
eatingsen
找出
最難
拍片
替泰受
lycs0908
不太受
鼎立
chong17
情緒
若今
1966
戰英法
勤練
終發光
瓜帥
ian3702
揭
j2046g
714
點喜
派隊
踢入
環
保
引新
風潮
Zuleta
NFL
立下宏願
必得
已警告
搞亂
熱刺
季前
DAVIUS
退燒
JukeFF
守住
倒掛金鉤
何者
這幾名
遣
返
團略勝
一籌
將抗
別苗頭
盡快
商討
隊早
外媒爆
凌晨返
滅火器
誤鳴
助教
會證明
選錯邊
法門神
有熱
號給
酸味十足
紅透半邊
Romelu
前巴薩
hydra0903
cuttino
隊進
罩
縱觀
淺談
變遷
防住
還防
助燃劑
英女求
神拜
佛望
最新
研發
龍
milkdragon
Mishulantis
pandadao
哥直言
kuoalan0819
sweetener
俄迷
轉撐
會希望
陣中
5000
總表揚
東森
a27938686
從何
記得奶
機妹
bill1003
戰超
泰國少
比克
乾爹
大賣
瑪莎
股漲
耶羅
億歐
工資
效率
賽後接
嫌過
滾不動
newyoyo
受歡
加時
聞英國歌
港人
合同
台籍
ladabian
TFGING
MLbaseball
季後賽
穿越
回一紙
單場
百次
破紀
Kukuxumusu
抗壓
鼓掌
出發時
一項
Mydadisgay
這應
維基
難民紅場
網民羞辱
恐嚇
win55555
Lumia1320
超出
中有
沒人陣
形擺
預測會
eapcy
皮克福德勇
險球
典範
Deschamps
第三神
降臨
過重
az564232
gy00015
豪放
姊
哈
英倫
好文
世上
MotoDawn
年後首次
harrisonfgh
演出
troyxo
勝方
年迷
ztdxqa
iamthunder23
不準
bulegreen23
有人現
alwaysOrz
判刑
Tim0303
超前
sai0224sai
RiaHorisaki
malcontent
De
衰
Sterlin
祝賀
哪麼
該還
公道
二國國旗
JLEE82
更慘
色影師
場沒
baddering
中衛成
meta
bartigal
x
阿茲海默症
跨界
客串
出演
好萊塢
大片
a25172366
沒帶
aitt
conquestP
嘴裡
些
Lilim
籍主審
mhkt
terrykoc
g
組才
Jordan
動力
smiteup
無聊
j20613485jo
JILL12301
那天
AndreEthier
超爛
Sterling
幹什麼
jknm0510a
choshuuu
風采
寡
可看
出該
奎爾
上半
一下分
PICKFORD
ckitwei
陣會
不消
清廉度
s970028
瑞甲
乙
checktime
已達
千萬人
Orzzxc
大群
架過
有備
兵敗
如山
jasd1786
漏
不僅
籍主
老實
模仿
火校
一周
輕輕
學壞
狂進
壓倒
球入
廣播
牽線
情愫
人愛英
隔
甘蔗
名場面
PePePeace
常見
yac55
談格
bestolen
比會
laitou
記
lemon0921
我大瑞到
bullskoala
這本書
大局
恐怖紅
監獄
aierozent
演成
下台
鞠躬
戰送
小貝
amoyui
札
尼
帶過
睬
goood83
要換
xicake
爆增
a1503f
dcdrkim
ilovetmac175
優惠
thestp402033
萬買
我下
1000
賽後評
jetlgf
fantasy14
鬼挺進
舞步
惡鬥
奮戰到
cestlaviee
覺得瑞
dinosaur8484
jack0520
網球
爆射
寫歌
送別
Qoo20811
好太多
破洞
四場
anz5566
jack096
NTUACCT
種語
言
賭身家
lienjj
Gaex
巴德義阿烏
任何
丁內斯
未輸過
身高平
眼中
放槍後隊
友前
來安慰
BardxBaymax
強硬
HAZARD
矛又贏
ian15987
藍染
Coutinho
hhaannkk1208
abow0807
內爾馬
canttorati
Librajames
跳水
抓眼
手部
不大算
繼
e1447e
Kevin
DE
BRUYNE
worldleader
姚文智力
說話
常常用
kiki1235678g
dryadk915
很忙
f55k6jo3
翻玩
jojoii82
換菜
鳥國
MrMadass
jasome
看隊友
球內心
BRAVE100
可能會
白人
fish0ex
eugene9729
太傷
Rueyh
識破
旅車
不演
a7107772
台媒會
BangGod5566
球位
shun01
Buffon
官宣
neil112379
因克爾批
哪學
zipperlow
愛你
越弱
天生
rikaoru
Ney
唯一機會
人動容
Marouane
時尚
mimicat0228
歡送
絕不讓
雙方門
禁身
qsdd0236
Mbapp
一熊圖
氣無力
lb00202549
很不行
創市際
yohobasa
多金
待會
YumingHuang
下一輪
Muslera
鋒來
練足球
接上
姆斯雷
配為
元年
簡大帝
jasperjr7
alen5945601
隊可望
力圖
號和
freedom1986
透心涼
LouisYOYO
改要
訂
閱才
明細
東西
開場
流程
進幾球
一半如果
蘿
蔔
小宇宙
癖
哨音響
但球
離腳
雷茲露
出獠牙
昆蟲
tigerzz3
主坦
賽版人
盧卡古
網紅
揣
摩
握手
攏
一餐
泰國受
邀賞
先馳
得點
快報
這種場
不上場
凶多吉少
接班
近九成
cena0605
將聘前
Tite
eternalviva
zhokem
全聯
法圭
bloodcells
希望贏
a73126
噴子
歷代音樂
賽班表
fuji3187
懇求
兩方
各持
不敗
越到後面
看性
bolam
hattrick
RS
板舉
解析
hfupika
答案
squallwang
絕美太太女
友團
夫挺
妻愛
兩人
互酸怒
離婚
217
vn00620134
強調
忠誠
慘淡
蒙牛
TFsonG
晉八强
桎梏
習近平
訪客
Win10
號就
商標
中藥
神魔
一線間
三國
南美三國
ak47123121
進到
TiagoSpliter
比顯
速食
隊糟
達尼洛受
成關鍵
連署
鞋來
強全
差距縮
花多少
耶稣
赫蘇斯
辯稱
力強
給馬兒
實有
苦衷
改姓
如臨
大敵
Ayaono
賽特輯
談談
就言論
Retangle
語的
Zuniga
早知
伎
倆
貝里
沒伊布
何以
水瓶藏
玄機
終究
jennifer333
故宮
宋太祖
送小禮物
碰面
nobody0303
jush1212
衝過
我現
保鑣
Xherdan
setashuyo
archon
iimk0918
恤
悼亡友
a100400058
開滾
發起
千人
隊多
蒼老師
叫屈
足球粉
愛打
ball
沒畫面
本可以
依
雙德心
結說
親筆信
狂傲
不羈
靜靜起
革命
鞋商
價格
這項
Berotec
鯉魚
王人選
場倒
斯圖
亞尼將
遞補
各球會
超屁孩
隊歸國
千名
AlarmBell
有甲
ccmlwc
ptter0214
warren1024
關於慣
aassder
隊隊
benden
不成
回擊
率大跌
續任
增進
功力
可能贏
防衛
天空
charles269
taihappy
RommelLee
保嘉晴
PLAY
阿金費
耶夫
練過
日子裡
未晉
舊將
痛斥
可悲
別演
不屑
單季
hjt11201213
95%
好氣
爆毆
臉會暈
敢
好過
红十字會
調侃
通關
伊布會
多特
丟到
舒馬赫
遭絕
卻贏
外傳
關
決裂
將前
尤
人選
強為止
網羅
當劇場
犯眾
ides13
賽後一幕
QAQ
完賽
瓦迪為
沒受
富比世歷
onlyherro
劣退
烏法
事宜
任教
一世
大伊布
揶揄
300
外籍
emperor
深不可測
進不停
平英
qwer32323
打架
罰則
多重
Ｐ
判罰
mete
場只
kane
涵水量
stevenchiang
sqark912
一信
人該
解陣
網評
人民
st511004
w5962
張振聲
滿場
男記者
連番
強吻
第六球
掛彩
商機爭
霸戰
略勝
大戰為
jsj2203012
新北鶯歌
七場
上次
Tachinori
賭命
還年
南機場
beanbeanrice
限制級
應廢除
過於主觀
superbabyer
很怕
暗殺
Ashley
Young
法爾考
看一場
喝掉
一手
豬隊
友一命
報應
傑拉德教
打到
ilikeher
強怎辦
ppibrother
將繼續
萬一
chihchingho
幫板主
marzcx
kenotic
幾比
有兒
童版
奏
強都
胸部
遮臉
kaizea
福星
韓德森
eatfish
CS5566
edison106
下到
單熊圖
關於下
搞片
amalfi
phuccu
zaq1xsw2121
最不配
運差
stan1231
lunasea8l5
分數
文是
慘跌
最純
kevin820308
心良苦
我家
寵物
Marxism
幫備
份
rignes
出大包
麥可連領
eeking
週薪
2040
相見歡
rape5566
桿子
強沒有
兩地開
強很多
賭爛
zerohero
SOP
因克爾
算排
人現
luminescence
象
賽美學
學問
Eide
守不住
休一天
比愛爾達
一分鐘
花雕
歡呼聲
錄音
差一球
私禮
還不
發豪語
起飛
shinakekaze
十一
板主要
走路
防選手
每場
瑞瑞是
hmenri
不予
置評
地久
gaosuwo
半身
幾件
隊輸
贏尊敬
看見
人世
險惡
冠王
展示
今天瑞
沒人吐口
a6116x
灣原
住民
捕手
吃口
香糖
吊中球
通常
閃邊
成超
AmedRosario
適合當
臨陣
換帥
2050
作戲
拒辭
新體系
腳傷
利空
ailurknight
史詩級
施奈德
蛻變
承受
苦難
從黃善
洪到
用條
狀圖
看世界
列強
消長
適合簽
不發達
DHMC
隊今
日星座
運勢
自帶治
技能
轉蛋要
沒運動家
FIF
BMay
goJefferygo
精算過
b1essing
沒贏
卡佩羅
不妥
保守
嘆技
又換
頭不見
造型
growl
柯南
衝破
悟
絕對贏
過來
攻該
處心
積慮
卡車
癱倒
戰場
啞口
WOODOM
graywater
最奇妙
灣有
youtuber
遭逢
警訊
自爽
印證
雙瑞
moon7562
greedX
囂張
沒落魄
盧魔獸
比別洲
threesmallgo
讀
悲傷
lilywang
賽後照
太美
sam09
Henry
壓不壓
小老
弟們
身高應
一流
mori007
chiyinming
KellyOubre
連看
juangpeiyi
寫實
葉君璋
那張
史萊姆圖
齣
全壘
bye
ProCloser
算落
tkastrology
DeathofGod
人值
王將
太在意
GENU
連贏
skt
SS
大魔王
flyady
預言會
明足球
miloskyman
球門框
KaiKaiGod
說進
常規
偷保留
高空
轟炸機
yangdemi
餅
即視感
hyder1024
給上
慌
半端
な
い
っ
て
christine921
近幾場
魔王
左路後防
Of
dinosaurstw
n187997940
1958
人話
cocamix0119
看求
剛
ez910115
shikingway
多貴
弱者
猶豫
PS4Pro
mybaby520
五虎將
織夢
年成
門對
askj
滲透性
用七龍
珠海賊
王聖鬥士
比喻
晉級表
怪責
會取
鳥籠
躺屍
林瑋廷
卡卡大
納達爾
犯會
拿放大鏡
檢視
爆棚
平趟
下半區
可擋
不太夠
連七屆
RoLoz
j801120
先恭喜
galaraga911
SaltC
tobecoeus
創高
吸
百萬人
眼球
LING09
b
boy
轉職
anhsuan
演戲
keirano
最久
沒機會
什麼傷
houyalang
追愛總動員
男主
nets
TPE
JPN
silver8210
哨子
gundam0613
想家
刻意
cailon
陣應
求海外
任達華
gk2885821
釘
鞋
zone
分比
有練過
ccyaztfe
回放回
瓦倫西亞
歲韓
nac1
不後悔
洛佩特吉
Faraday
all
；
超級強
dickman5566
有世界
殺技
狂流
十
顏值關
忽視
紅不起
反著壓
學火影
sliverink
談納達爾
費爸
網壇
無懼
兩面
ashebird
Jokering5566
美麗女
beaqu
年進
西俄賽
leemz
賽後拿出
布條
同一國會
Tae520
最有療
戰主
審來
幫朋友
莫藤斯要
jeff79
一路
可撐
maurlice
藍板球
用西語
............
媒吐槽
阿扁籲
小英爭
選巴
Diego
會後悔
中南部
盛
trendyaudrey
飲酒
cool31248
會跌
落谷底
大戰守
兩球
賽罰
溫嵐貼
文遭
好運
打電話
高手
mochiQ
驚呆
1137
次創
CCDaKaRa
足球何
勇哥
小英
MODRIC
是場
拼智商
海嘯
a3453
cvn21
期望值
空門
起腳
力退
neteuyun
gillio
白藍紅
ben102938
法疑問
功能
huan0
欣慰
東方
保送
打棒球
逆
喝個
DancingDoll
來晚
樹狀圖
自行
取用
參與感
lain2002
理論
以守住
任何球
w6607282
de
肥宅學
戳
高光
集錦
莊家
丹
制上
Fed
有點雷
北韓笑
法過
girafa
pan46
超千次
高控球
骨
superplaymen
andybg
歐國杯
jevin
最開心
Andr
neoneon
第五個
席次
規範
變老白
擺大巴會
逐漸
WBC5566
地主隊
CFSu
懸殊
老毛
是強
kooluo
之夏
奏效
少個
Villa
iam4k
Jeff000135
重來
pique
手會
舉起
核彈
samkobea1090
最低
鐵
沒懸念
letmepass
M62
要來
是換
幾球
chan0930
何金銀
賽後感
zhahu
換個
bensonwood
表左邊
戰是
jartd0030875
哥現
比個
juicy56
Keywayly
面熟
西超
要五折
神擋
以為
戰可以
ccs95209
賭大
史達
林格勒
andy12312369
找到贏
盡頭
pieta
垃圾隊
kendavid001
該何
davendaven1
這一場
發明
新制
說要
執行
LWenjay
傳一千次
FengQQ
賽下
鍋算
morris1661
很衰
Boyzone
oberon48
smith2012
下去
ling30113
PONANZA
評為
不正規
完和局
chung74511
皮克
很差
power802762
KD
抱大腿
marco777
催眠
gonarain1231
本來
luec810516
Xavi
Hernandez
俄西
法悍
將酸
右肩
mouz
人會問
先回答
like785tum
專業度
rocfrank
otto6205
底會
QchchQ
設類
似禁區
wwcheng
rockstarlan
控場
更無趣
銷售
暢銷
scmono
xhimperator
百位數
obluda
有下
tim1102
hs3559152
既
視感
不列身
高體
中媒顧
人怨
提問
遭世界
賽賽制
accommodate
diego
costa
真為
大基本功
邀什麼
功
穿燕尾服
沒人練
蛇球
CCAP
MaInDog5566
acz0221
算不算
親筆
九歲
挫哩
內加
單公開
巴薩大
慘員工
身家
停發
庫
提尼歐
黃金世代
太清淡
s89584584
出場費
kikiroro3679
beatfuture
底巴拉
耍
隊友諷
笨
會退
下國際
pigoo1212
簡歷
刺祝賀
stantheman
比好
側面
louis10452
擁抱
家屬
不一定贏
殷鑑
不遠
醜陋
特例
無須
還攻
命中
強前
強又兼具
娛樂
憾
Pogba
很熟
沒全勝
承諾露
增設
S56b
敗部復活賽
namenicht
andy310082
kman5566
這一次
手生氣
級
astonic
講究
格鬥家
底薪
靈魂
九
藍武
過六影片
明日
之星
改為
Kylian
遠射
最遠
撐場
歐國
遭酸白
台媒
a20045111
DYBALA
遲遲
主客隊
有照
主客場
無力
回天
字樣
任意球
pttEnglish
中英
◎
下世代
包夾為
不包
夾回
fawangching
我個
歐文
不穩
多關
隊派
Burnamm
葡烏戰
回球
以利用
合成
給的
想合辦
最暖
贏全場
風向
fanfantu2016
一半以
KuoJia
最愛英
Bye
移
殖民反
外媒比
前行
嘟機
bjergsen666
葡烏場
梅羅雙雙
a3900656
爛透
當大
前景堪憂
LAXALT
自同
一母隊
絕代
雙驕
oplk
索契
辦骨牌
ab784533
打扮
ngilisigoa
片段
回家票
房
煩
洲
何算
國家會
恩怨
martin1007
幫隊
友擋
牙蘇
blackpudding
隊新星
年領
1.7
億台
lindvior
法阿之戰
正牌
Mori
強對照
東
最令人
CAVLBJ
可禁止
爆雷
加大然
活躍
當南
qwe830819
tp943308
強左半邊
右半邊
qppq
光
weiglory
點的
只花
沒戲
goat
那將會
仇之戰
偷放
HadesSide
多弱
cpywww
板多少
gibyezethe
HZDong
贏要
一起贏
輸要
一起輸
變盤
t340081231
時用
大巴有
機會守
沒放
Xavier
攻破
大門
這比賽
戰明
少數
奴後代
沒錢
不會輸
足賽
電視圈
喬丹
境界
過後的
的後場
Mesa
上來
雷隊友
blacktea5
南美州
qqq0524
換成
嘉千姐
kaotall
沒隊
友幹
根
廷
happyHome
AirClassic
gn01881106
強大才
迪巴拉
哪招
完比賽
心理酸酸
youngwen26
收錢
全捐出
場看
幾分
AlexMorsh
葡烏之戰
守後防
衷心
競技積
seedchris
dybala
選來
MatCarpenter
MEVIUS
阿根本
lowl99
這會
強一點
多遠
kyle86362
來換
SaberMyWifi
Otamendi
夫人
折兵
兩元
有多少
人變
成姆迷
AAAA3345678
玩足球
dont
argetina
hsin19950428
噻
五分鐘
爆掉
exile0527
thekiller20
有點強
流川楓
打凌南
hesitates
退房
老人球
精髓
太狂
阿仁真
威
太雷
Timba
授權
測驗
暗指
太愛
丟雞蛋
anotherjunde
3000
打錯
算盤
未戰先
賣放送
權給
太便
wan8088
不榮耀
號一直
oscarss07
偷偷
放大
強足球
變色
觀眾席
視角
拉近
HOTONY
彩下
666
大羅會
iolo1166
留洋
假象
反向
爆低
Schurrle
籠子
推廣
相近
自由
shinmoja
呈
現地理
豐玉隊
DubyaLaw
中應
哪裡點
scottmay
ALL
IN
明智
巴拉克批
嗜
上面
投放
cast
圖示
強將
誇大
激似
賴雅妍
足立
梨
好學生
贏壞
學生
Prokennex
nogoodlaugh
按
洞
大兵
2700
準確性
強晉級
smileariel
注定
背鍋
奧斯爾
ForcaBarca
範例
６
前一場
巴內加
重擔
bleak777
多放
幫場邊
LED
打馬賽
vin2000357
Suarez
阿媒和法
媒先
scaredreal
voyager35
強首役
擋路
烏國
將用
nickmin
跳射
chandlerkc
阿罩門
人秀
善
打團
體戰
總比
bban7225
走容
無鋒陣
偶像
感恩
瞇瞇眼
睡得
TempoStorm
歸入
CAF
強有
犯奪
幹掉
全軍覆
蠻酷
shiwenli
熱刺展
泰斯痛
沒中鋒
能靠
消耗
逼進
場全勝
辦在
半個
Ｂ
Ｔ
Ｓ
反思
zerg1228
含什
滷
有衝
突時
清板
一聽
軌
鐵壁
帳單
沒寫
支出
最期
nightjar
忍辱
負重
如司
懿
掛免
戰牌
sealy
扔
保鏢
趕緊
衝進
大聲
若換成
板落
多放棄
很不尊
st80917
這招動漫
見過
覺
iqolo
音樂節
護照
英禁
逾千名
人士
zx87p
の
采配
と
決断
oo0
半價
出清
延燒
Cross
over
虛擬
兩極
還排
jesam1
撰文
本該
pickuup
賽後才
大敗
地痛
7.15
翻凱道
四隊
marabutan607
隔壁場
寧可踐
踏
傾家
產
geniusding
不列
顛國家
韓流
之亂
國內民眾
以荒
誕鬧劇
會記
nerevian
第三戰心
謠傳
抓造
謠者
沉痛
whitetiger
會去
圍巴
wlsh
cyken
Msapiens
yuuchen
Orisinal
HyperPoro
g4hyajxeaw
ltnsltns
能學
陣產生
決開始
fox1986
揭開
forfunu
mibbl0
鍵
評說
一嘴
鄭先萌
實後場
腳亂
不明顯
隊至
少進
賽新紀
強對戰
我別
無選擇
最多球
goldseed
Layase1
出意外
Aaso
starmi
小摘
ggglu
bu025877
沒買通
akion
xxxgon860821
杜
簡訊
期盼
寫下
全都
搶小組
piayer252
gallaghertw
NCKU
schumi1102
ss36
第三多
丟人
王道
關乎勝
zcjr
pepe12301
贏或輸
各有
優缺點
aun5780
junmin888
linja
左半部
強敵
環伺
kevinsyc
尾聲
防止
slowdowner
畫假
rook
失格
想法
KLMD7788
currygo
李亦伸
雙循環
各區
強比率
kyle0111
霸凌
換陣
驚險晉
限定
lujohn
討好
幫到
GGYYJOGY
出擊
好龜
問宵夜
落後隊伍
洗球
無敵
會不爽
更風光
數目
aimlsa
OPPOR9
步步
進逼
市場
爆幹
人特別
陸男街
頭辱
你祖
CosMonkey
沒認
消極球
會輸
日花
請馬拉度
定龍頭
友好
關於到
判例
azazaz66
哪一種
最不能
忍
昨日
戰戰兢兢
求勝
catueshan
英德大戰
門線
冤案
先為
設置
本命
四徵兆
bxxl
第三輪會
進度
侯脫
貧歸
破涕
華盛頓
郵報
哥會
不會默
不下場
反省
比義西
話題
之入
深夜
梗圖
a874622
西瓜
偎大邊
迷妹
轉去
帶好
友人
形立牌
隨行
元贏
當眾
開吵
kcboy123
很順
東京用
水量
急升
chenteddy
爭晉
強盤點
德別
高興太早
墨韓
將上
當家
點出
Marco
哥哥
太激動
親妹
興奮到
手脫
臼
falling319
歉文
每回
起金
國族
辯論
輸光
積蓄
勸
底子
還強
btm978952
一大誘
scanner1946
賽果
幸災樂禍
棺材
現世報
fifa
十六強賽
疑看
賽太過
激動
心臟
推手
楊楚光
回娘家
傳承
老墨
無話
同一句
標登
兩屆
安西
新聞台
wors
yangsungo
狂爽
別忘
vava5566
人種
missingkid
cbt36594
戰都
壓高
日塞哥波
少林隊
同慶
干擾
代言勝過
陸企
突巴
世界報
人表情
三溫
dusty1021
超神
狂擋
asdf1256
回穩晉
宣告
mike143677
反著
下會贏
還輸
沒為
隊根本
bauss
墨西
德同
演奇
沒有後悔
墨航
今起
飛往
打八折
怒喊
鞭刑
AllenHuang
使館
大喊
諾威斯基
sheena0318
嘉千
處處
女問
handslooo
自豪
無痛
ilovestudykk
qawsedrf999
烏茲拉
zpeople
forsaxon
有足球
好少
viosu
attorney1023
媲美
男模
西裝
配白鞋
球隊帥
到電
adult
早料
犯錯
爆朋友
收晉級
pheobehan
maxSr
thelmalin
太極虎
還是韓
shawn0627
macro
reus
面積
有練
敵風
火輪
無聊戰
tomlishan
converse
進對
方大門
選拔
tree010317
娘炮
年後重
有人開
直接射
進門
taohjca
韓墨友
痛覺
靈敏
看的場
兩國家
賽成員
toyakoyosu
補刀
Pep
zxsaqw12
人好
意
mavs2kidd
之後下
必定
quarterb1211
只會講
呼聲
smileyu513
brian900
沒體力
強找
報仇
killermax
國內會
悲慘
人品
敗光
harubaby
出品
進第
Federer4ever
人民而戰
Winderley
報紙
頭版會
tortoise0912
xo6dk4n
lnnp
TONI
KROOS
allen210
隊形
哪部份
howard6066
言承旭
jerry88
greenYoshi
LesBleus
一級
多圖
leoz69927
多一點
搜尋網
ColeNorris
失效
輕敵
衝刺
抽到
NX200t
sikadear
不爭氣
太子
怎都
被噴
演繹
鍋貼
Twitter
哈哈哈哈哈哈哈
韓德
最感
不一樣
拼勁
主們
哪件
新衣服
cheenan
仁至
義盡
典
sxscts
甚麼理
韓瑞
Seinfeld
williammy
victor327
那位
傷者
有人贏
推一百
重覆
一包
luckysmallsu
踢贏
比晉級
包機率
必太
No.6
plugtask
還債
凱迪拉
gaexpa058352
kotoda
人數會
暴跌
Highflying
cherrybraun
這才
ranbank
vladimir798
yeatskyoko
贏還
特稿
足球師
lmfao
圈粉
lasheepla
tintinjohn
我墨
leotompp
2020
這一輪算
板綠爆
綠色
依舊
前一屆
之下
1%
ko007x
東亞球隊
rockman73
太有趣
astutmomo
airiguodala
墊底
asonge0000
tommy1014
鄭大世
husky5566
rock123520
綠爆
XDDD
呂布
播球
德意志
nice
邊上
班邊
nycpeace
陰謀論
anthonyapple
機上盒
號都掛
iamzeratul
廢
sansardo
精美
兩地
打手
德主席
他強
白色
噴霧
爛掉
Smith
陷苦戰
抓水
mtcoat
IMISSYOI
有人撫
胸有
人舉
手禮
maiyfbe
順位
手虐
2.5
gabi
大腳
重注
1.06
飯
大集合
chenTk
幾犯
畢業
還蠻
選項
hanshin33
台達電
UPS
zzxzero
既生梅
何生
日女
男辱
仍露
結衣
微笑
PTT7878
Germany
一抱
泯恩仇
jqbb0319
指笑
遭女
粉痛
米字旗
五星旗
港媒
人羨慕
閃電盤
餘下
總入
ke5566
台大
師大
dunhji
賽實況
先打
謠言
商來
UbaldJimenez
做什麼
韓之戰會
慘烈
法老
足邪
pungz0617
雙北
cariston
台凌晨
沒訊號
怎只
前夜
昨晚
沒判
淘
二年
痛苦過
bubble0410
紀念品
要花
億買
獨自
肩負
戰力
折損
分以
vs2002
權利金高
多得
掏
之解套
走紅
這三個
需淨勝
使出
這一招
跪下
蓄
耶穌
a0921282
足球籃
共用
包庇
會選邊
打默
不如人
爆力
歷經
662
出用
揍
有戲
沃人
chingming0
kenyu9
拯救
解法
YOU987
d0919158037
哪來
多廷
Inzaghi0227
s29646
不公
有爭
JustWower
少足球
流氓
保重
klwcoco
末輪
心死
屍體
浮出
pingsky
偽裝成
看奈
阿戰
教為
前會
andyandy2567
對奈
兩點
kwyshell
flyLikeaG6
抬腳過
荷尾刀
相助
奈及利
爽到
送醫
cs3292001200
kingofpig
afur168
強應
該學
老人團
以睜眼
瞎
狂噓
雙黑
手特別
緣
AstrayKnight
rta35
差異
jorba
立判
流血
首選到
哪家
bar
vermilionred
rxou
球太嚴
第四組
強也
ak658865
神上
qweric
sun3747
angellll
不太及
格
mysmalllamb
甜心
Soledad
amaru03
挫咧
l5cm
Aroeman
rez
這組
宣示
主權
遭酸
最大敗
Player01
重新振作
阿奎羅好
Rudy
ö
對攻
你當
kevinetta
太熱血
FallRed
乾
爹護體
不替
faracross
ph861403
呼喚
熟悉
投注
組名
中斷連
場有
伍會
peal
營銷
知名
tvb
電視批
jackeman
放話
誤會
須獲隊
jay3u7218
國民
出奇招
每跌
球類
雍有
穩晉級
還卯
領牌
傷會
quester08
進板
強畫面
ML456789
撥出
迷求
指導
當清潔工
神貓
是給
rockk
不見
qudezu
遭指
毒
梟
掛勾
嚇跑
賽季
如下
論足
六大
小心強
正名
iem2000
當你壓
阿公親歷
盼有
幽靈熊
fordmvp
光看
colset
設
有助
公益
angiewu527
轉
LikeJapan
abc771003
賽況
掙扎
好神
大羅超
圖致敬
ice240805
墾丁有
率大
咖找
隊信心
爭雄
勝者
韓背
水一戰
通
具滋哲將
失點
力抗
晉級贏
疊
kaky
必勝技
junzi
雙腳
基尼
露乳
停播
葡晉級
射失
成罪
tim756489
有球隊
因不撲接
名爭
完勝
種子
出是
籃
Vuvuzela
經的雙
worldcup
film
ninjahatoru
很虧
不羞愧
風雲變
競猜次
ONLINE
oneface
最糟
撲救
搶下
貝蘭
萬德勵
睡大門
oldmu
表是
代言
M35
entanglelove
時開心
peterqlin
中止
賽連
場場
左半邊
殘酷
Ali
Daei
好想
能用
藏球
跑動
極端
言語
Xhaka
但要
繳罰
pc
奇足球
dddsss996530
出場
著小孩
MOROCCO
ISCO
FOR
SPAIN
evanc
喊話
可不會
taidy
Share
M36
Halftime
標題
圭
俄辦
小販
中文流利
對沙
烏地
RandyMarsh
次代
賭輸球
西安
男公交車
兩台
拉丁人
uniliono
takuminauki
davlinkk
Elta
惹眾
卧底
日奸
同姓
過半
點值
得銘記
asianDUB
ggg1356114
雙開
排人牆
cheertaiwan
王主
djljing
披掛
ker5566
組能
引各隊
現形
武器
號李
昇
賽中
一杯
一擊
Rucca
這算
Gasty
ig
mysteryguy
觀眾席常
久子
王妃
愛爾
ckgodboy
拒染
傳考慮
嫩
模曬
豪乳
宣傳足球
遭警方
Ittickbe
Zudomon
chromecast
最看
並肩
不懼
時能夠
624
轉貼
首兩輪
賽結果
球版
Sullinger
人足球
Part2
運動別
rickylin
打擾
IDL
主謀
第三戰
遭冰凍
共
同點
orgysolitude
日電視
台奇葩
方便
記憶
八隊
kiddcat
一半
遭射
hn9480412
陸媒吃味
動漫
無國界
日塞
賽後搭
肩合
航海
會選
拋開
頭巾
檢舉
違規篇
賽程安排
nugile
curry
割
喉戰
隊心
augustues
a881258888
維基百科
dennyichen
換上
自評
tony0718
殿堂
gj94ek
壹
idishu
不當
詐
欺犯
誠實
遠離
恐因
spicy
何不組成
孤膽
的頭
寶
太桶
傳導
太爛
Cuadrado
三分
抽獎券
第三頁
vincent7977
更正
鏡子
落後至
sexwithyuma
flyslider
附身
大亂鬥
orbital
現代足球
變換
大約
那時
傲視
cowboring
KobeWuMVP
blackmajisha
根性
大作戰
上不常
M32
AlwaysApp
Damowang
分球
模板
三杉淳
哥輸
太可惜
當配
角
辦法出
神谷篤司
沒放大衛路
易斯
goro18
降價
這水桶
陣才
ShaLaa
nissan168
第三場
城刺
竟大意
用腳
夾球
邦
交國
沙奇里
扎
卡應
足球裡
步一樣
kevinptt
小教室
criteria
edoggiagia
足球會
爽組
M30
確定贏
會換
巴拿太弱
凶狠
mini5245
clement1031
步
drty
維護
年後入伍
clean
裝置
MikeFulmer
那麼強
錯怪
鐵頭功
ilikewind
哪個慘
可判
頒車
臣
公民
Nodens
昨天輸
違反板規
謾
標準
書籍
缺羅梅
jammy50605
阿莫槓
戰看
文多
吳鎮宇
成性
感男神
西塞
問問
違法
帳戶
rainys
轉藤真
衝出
arod40
懲罰
太輕
架空
肘擊樣
樣來
犯吞
loveNCCU
疤
挽回
飄
藥
引爆
美俄口
水大戰
奧利佛
很神
NolanArenado
Kross
退而求
其次
晉級僅
剩一絲
賽後痛
M27
寧選
gminor40
Moscow
sohosteven
lusica
踢給
已經過
內部
怪聲
YAYA6655
stock0907
SHINZI
太興奮
不著
關於射手
目睹
幫幫
diss
loxa87036
宣稱
愚弄
絕地逢生
大增
numb3rs05
不選
UTH
麥子
谷阿莫
刪文
oscar910005
爲
門前
cphan716
發人選
厭世迷
tel5149
就給
kbsolal
Gomez
KUNI0202
ekgs
lt0618
ccjj8
陸民瘋
補
本人生
迷接
之上
goldfishgirl
雙黃
博阿滕
邊看
足球邊
airpod
chen7726
看球算
若勝
反殺
kasndjo
柱
博阿騰
晚飯
跟拉莫斯
icegoy
重演世
HardtimeLee
難兄
難弟
崩盤
因受傷
換下場
C4man
Carry
DarkApplePie
比上
收盤
臨去
AdamCLT
二熊圖
GOAT
又贏
但球風
askl817
自從
奧喬亞
家裡
自宅
痛哭
劇場
中噴
傷心
Volvo
Cars
牌
fd9352075
最先進
中保
全應
最悶
4bu4
扳回
creep92593
每四分鐘
Sverige
ESOE5566
講實話
monkey12
一邊
5145
抄襲文
四處
沒給
ifreeta1110
wizozc25852
自信
然無存
檔次
練兵
情緒濃
同志
主房
東驅
當然強
末路
背負
可承受
fayfashion
幾公里
集點換
NelsonGo
LiuBB1112
Martinez
健落
剛果
chiachiafans
之餘
maxgopon
戰其實
帶頭
開誓
師大會
力除
退路
坦承
超大
ROSHINA7855
已解決
M21
M22
M23
戈洛溫
巴塞
隆
太陽
MSN
較華麗
M24
中大使
有業
會高過
亮點
美麗太太
M25
球童
攻進
否放
good229
大學生
抓狂
臉書表示
專打
人退
lifestream
腳猛攻
球不給
M18
sweetdance
兩大天
hishanshan
慘批
M20
魏永泰來
verame
篤定
領獎
salonchen
手及
進十六強
何謂
強硬球
潰堤
度高溫
3555
億主辦
將不到
選錯
夢尚
未破滅
種
awk5566
輸慘
驚傳
iampigto
偏好
穆沙
率奈國
奪首勝
EQ
愛賭
chenyenpo
生死
戰遇
yuan5211
遭取
joe460830
遺書
法布
雷加斯
Worldcup
Daily
賽爾維亞
這傷
強救
Tiiek
騙
迷是
穩啦
責任
IHEANACHO
手臂
upufuxup
瀕臨
邊緣
kevin05233
強改成
lovepork
卡爾馬龍
此
一舉措
失運動家風
helloyou
NSYSUEE5566
很令
skybird0414
牧師
獲神助
稱冠
慫恿
JerianGrant
oiyuz
震怒
團才
森七七表達
DSun
彩虹
看馬酸
dispptt
內哥
Dragon
hollande
一掌
打醒
勇士隊
好奇
人思維
周儀翔
哈札
打無球
Hinrich
gogirlgo
SakuraHana
贏兩分
心虛
Sfortunate
那台
秒鐘
沒球品
太舒適
杜蘭
navas
可是
之王
Iceland
這玩意兒
rockguy09
新申
升速
清流
感觸
涉在
俄唱
反猶歌
敬納粹禮
警調查
開直
哥斯
unice720
哥隊
janet6
咖陳浩瑋
晚期
比下
cowking520
SuperSg
肩瞬間
包夾
nomanda
kevin0126
名局
湖南
男子
猝死
體現
iandagn
杯緣子
歐盟
zhuanyan
機票給
開胡
明顯
作假
王晶怒
做球
zaeh
哥大
wiezaop
交兵權
保飯
碗
kobest
爛國家
TzuHung0615
此隊
徽
俄妹
smartpaul
HIERRO
星度
薩拉
關於比賽
詭譎
補射
金光
排世界
沒人用
山達
旋轉
enzo660
改訓練
三分會
晉級關
greed720
勾天
規責
梅黑們
起樹蛙
球霸
DER
凌波
微步
曝門票
騙局
足球設
噁
追逐
舉世
戰未勝
祖國
慘一
應由
三大
莫迪歷
GHUMMINGBIRD
幹得
奇葩
C484
慾
遭死亡
terry955048
難訓練
出年
輕旅
歐美
更大
坐鎮
JJRICH
輸人
賞析
jerryngu
勾踐
最平均
下限
rabbit321
轉進
魯斯圖
Comtw
Carlos
petand86
柯斯達
villa
離主要
三分球
icemc
力壓克小組
不解決
球給
恐碎
最美
世代
石明謹
ilovesuarez
國只
Ejaculation
Magiclwf
無章法
散
別為
難救豬
被克
f59952
跟場
genheit
codyDL
fat111
坐板
打人
真能
輔佐
怎不去
s6216965
何去
看比賽
mdb6
平靜
flyawayla
遇對
開大腳
激增
勝總人口
flyinthefeel
yuta02
輸不起
若贏
料事
如神
ForeverOrz
難民變
苦盡
甘來
很爛
強可能
性瞬間
變低
逼到
絕境
Initial5566
孔文革
灣不
傳有
具達悟族
血統
勞爾溝
伊迪亞斯蠻
喜感
一周心
橫幅
可接
隊友力
下場將
ttyycc
強烈
xup6m4vmp
尾音
brianstudent
不開口
太自
stoneshih
夏奇
Shakira
賽已
經不紅
zowie9889
幫忙
筆記
撤下
縮短
延遲
小密技
魯是
wary
uber
motivated
echomica
奶機妹
純博君
一笑
有圖
tempo7654
天王
自誇
是屬
順暢
零分
Aussie
zhiping8
看影片
欣賞
希汀克
sumade
頻
這排
名竟
的準
澳電信
出錯
承諾
退款
組別
rainman1204
外觀
kaori01
中文譯
名播
方是
服務大眾
這款
搶手
Coetzee
近半比賽
嘲諷
只防
隔空互
人來
茂野吾郎
足球貴
Eden
心結
vvvi
什麼現
不會用
護球
同性
戀
開金口
借鏡
西塞場
邊喜感
HiIm5566
中討
將上場
專門
乘著
賽亞人
盡興
齊感謝
如火
如荼
舉動
項全勝
p890089
俄女
搞大肚
漢堡
rogelio
球品質
第九比賽
奎羅斯
回懟
卡瓦哈爾
先管
進失
丟點
巴斯克人
出身
名帥
polo007
題性
日驚
奇勝
中媒竟
路上
阻礙
盛年
立
年足球
署提
大發展
會加判
snowy5566
奶辣妻
急飛
發火
透漏
蓄山
羊
maple0425
豌豆求
用語
帳號
Southgate
肩膀
脫臼
候補
五五波
螢怎麼
CAST
多一個
帝視角
及時
通訊
最多國家隊
男神泳
池露
肌超
正常參
agunnm
種文化
風氣
純看
play
桑切斯
暴潮
麥當
勞版
款限定
全套
sony1256
分鐘頭
勝摩
狂飆
lyrelyre
餓
文在寅衝
越南快
滿球隊
huipo
蘇東
towar
看線
怪事
蘋果
M17
之熊
咩
leo232125
LeBron
uglytrue
CARRY
不合群
持球
1080P
次戰
人衝
灣不行
李羅不行
可能行
行不行
loser116
香甜
果實
sam2003614
意付
變主坦
連韓媒
先進
剪
這麼醜
M15
過頭
騷擾
非禮
怎麼判
強強
下主
窮人版
bale
韓攜手
缺貨
服務生
只點
janifer
變差
DaneiLJ
tavern
前一直
自言
自語
Bourne10
第七比賽
第八比賽
訓練後蹣跚
退場
告知
canon47
強之後的
無線
華山
草原
權力
cateran
否令
迎來
兩戰進
球太兇
Lampaininder
太神奇
牽起
紅線
blakespring
政府
廉斯
分鐘後開
九號
來亂
mshuang
認定
爆笑
超有
抖內
曇花
一現
反敗
為勝
十人
對足球
必下載
六款
不漏
Desperando
狂燒
4218
關於愛爾達
SatoTakuma
足球後場
ritalgy
兩分
歐居
歐起
Cheryshev
右路
再下
zwy
一搏
晚報
不光彩
欺騙
xianyao
賽內
加爾
不唱國歌
色前
半綠色後半
oovv
手吵架
招之王
並不看
已亮
附
右腳
適且
疼痛
impact45
a822305877
帶大手
套
RoronoaZoro
EricChou66
團後的
戰南
美球隊
最多窮
人圓夢
嚇瘋
台場
幫日
pptsuck
歡樂
爽爆
太草率
imlegin
很辛苦
自天王
最狂
首贏
大阪
頓
堀有
allan9181
Aotearoa
哪一國
中媒用
天道
lamigo
年奇
大迫
勇
發祭品
文求
他後悔
hassanstar
yellowlin
Davinson
teps3105
押和局
客勝
assassinASHE
chrome
酒荒
蠻容易
天佑大
Arie
Haan
記長
一神帶
四弱
哪條
幾強
幾弱
變化球
haeiou
場嗎
r833123
sumade56
基本
奪勝
哥真
斷言
戰全敗
支
用電腦
殺過
犯王
要判
力挽狂
瀾
以寡敵
眾會
用人
領四大
協尋特定
bowcar
幼年
太窮
加水
牛奶
大傷
元氣
各自
多視角
拒當
mycactus
不買
abhishek
瀋
陽
KanoTadao
M14
M13
藍牙耳機
陸拚
超級國
爭辦
layla0927
獻絕
高保證
難養
成難
強預估
韓有
德日
angle065
克制
Alderamin
雜
中鋒
邊路
gygyggyatai
被判
女人
家暴
twmadrid
Polina
Gagarina
oliverr410
傷出賽
成疑
Pro80
曝比賽
BUG
evilking
su3ao4
FMVP
終被
沒度量
martinmask
突入
三大原
因造成
修理
vince4687
殺神
氣走
chansh0
精童
dilano
別激動
影星腦
出血
坑
太自負
戰竟
雪藏
brr
賽三大
johnnygtoo
avalox
有演
歡樂夏夏
往
PED2211
vampyre
可切換
ericchen0725
最萌
安德森
換背號
慶功
遭槍手
掃射
死五傷
CCH666
打反擊
突國
pichu215
越想
收
mcjh80101
老愛催眠
很愛足球
lingard
傳人
降落
著火
非戰
之罪
剪輯
改判
托
提是
皇族
102
年訪
必修
2012
以用
service001
熱翻
平常
moboo
Origin
夏特
入手
jcll
urid
醜銅
撤換
放掉
率達
99.6%
herohu
toptalent
老美
有體
不佳
超群
Santana9
之後足
毛
Sagemode
事後諸葛
組是
Raskolnikov
bower1025
enunion
M12
不愧
SON
cek229
買什麼
輸什麼
符合
一些劃
海外
韓瑞半場
鄉民上
MONKEY119
觸身球
Couples
假死
gogolakers24
打成
鄉民會
不平
可否
調高
膝
枕
場展
我羅總裁
CR7
五
derekhsu
k7202001
chaku
候補區
戴耳麥
外定
brartz
獅
潛
不發展
shot
球者
網民窺
探心
專訪
mattina
外馬爾能
假門
票案
涉一
以重
感慨
IPJ
構
冰
封
遭屠殺
次成
跛
吊中
st124060
灰狼隊
kenji9527
德墨賽
圖文多
含懶
人包
戰成
墨粉
apple7685
末
FatZhai017
Brazuca
異性
愛嗎
激烈
角逐
小勝
為情
回敬
兩瓶伏
特加
uyn
都講
一國
關擋
人方式
charking
Huh
極光
遭三大
snpwei
finalstar
Ninboke
署擬
20XX
足球家園
幾年
onepunchgg
SpadeR
法澳
圍住
變滑
會憶
起大喊
ss311tw
奇門
八卦陣
M06
M10
一軍
能今
晚擦亮
娘娘
彈力球
quarks
yonglun0116
搬
dddgooglebbb
歡聲
雷動
測出
地震
claymath
joke5566
怎們
差是
材質
M02
Casemiro
一瓶
養樂多
給安慰
M04
M03
M05
M07
wyh800207
MadMac
墨之戰
M08
剛好
難忘
跌回
姆斯是
carry
小組展
ted1231
jacky40654
Leroy
Sane
磁卡
Aw
類似
浩克現
danmitsu
算贏
獨強
iPlayer
4k
招架
nohuman0827
有拉姆
會多少
妹子
EEEching
一連上
卡死
M11
CheDior
原地
jeff1104
責對手
派間諜
刺探
隊輸球
採取
韓放墨
老墨贏
超商
啤酒節
luckystrike5
airplay
WELT
正版
很慘
letitflame
巴瑞
比賽場
啟發
首戰要
要棄
acomi002
拉姆差
一到
水土
不服
中華電
爽感
jacks965115
身家求
網速
2Mbs
LKKG
天室
對抗
LKK549777
牆壁
蓋起
要輸
crazern
旋
出名
cameljoe
新北市
新視
波晚
上會連
hamivideo
給得
很大方
Makelele
球不要
分流
小評
魯場
控得勢
有洋蔥
慎入
遭設局
泣
莫忘
初衷
女議員
呼籲
xavier0963
NewLifePage
yasuda
前來
集一下
意見
填寫
並列
ariesbaby
ke8959
播報員
路障
還站
帶著
沈重
負擔
叛徒
導演
守下
中山
利益
strellson
岡崎慎司
傷不妙
賽蒙
抽煙
熱非議
isaa
超歡樂
前八場
最差
DCARDNOBRAIN
跟風
看帥
撐過
假扮
個竅門
頂泡
頭踢
insomeday
不太用
拆
震撼世
看不見
影像助
cornwall
各洲區
隊伍數
Linama
j91526frank
PTTWar
抽雪茄
vupublay
第五比賽
穿護
鳥罩
連政黨
但大陸
cataphrast
穩定
軍心
出罕見
yoyo02
衝撞
人群
小一點
Geeek
eric0424tw
隊如果
Lewandowski
shifa
逃不過
噩夢心
面前
DoughtyArIAn
二日
整天
ssweet
會五五開
Tonyyy
差不能
flabbypig
y41335haha
爆假票
4000
張賣給
陸人
IC
克奈戰
早餐
肉
b40611b40611
送球
某
Karevik
鄉民去
命中率
幾成
山羊
doane999
pttdolby
racksold
逃稅
仔細
研究過
確不在
小解析
開口
隊加
足球教
提中
朝
合辦
陸媒
SudaPeter
HarimaKenz
口水
Go
dake
catalog
rickfox
dash0804
教科書
徵召
荒謬
輸多少
jalll
強賽程
強項
不會度
meowmeowning
葉問
阿冰大戰
還會輸
Peterandy
WLPQRTYLSKP
KKlin813
遠鏡頭
智障
bigTMJbang
newnewli
收購
兩大
9.50
關於畫
面遠近
糊
左上
角疊加
關於牧羊
險勝平民
laughingfish
可口
可樂合作
教教
大神
講的
王峻杰
受換
vupfup6
candy125
jason112412
什麼贏
JimNegrych5
調成
1080
不請
高庸
拼到
bear2008
Swampert
會員
raugeon
必勝法
qf852741963
fire1990123
有央視
軟體
Machinator
求愛爾達
圖卡
kodo
Layase
賽驚見
6000
多個
空位
mason1025
表右
下小框
領務局
國人
俄事項
急徵今
球票
Thebulun
loght13
導過
半島
該贏
垮
virgin7
全面
打不進
獨
挑大
樑
賽後採訪
yuanpu
mirror
顛峰
決有
chandler21
主角
範本
noonitta
megoyang
採納立
委建議
rickshiu
PeterPann
魔球
求償
DC
強一定
toast520520
horo
反賭
第三比賽
ask865134
3.6
界
3.2
內有
戰情室
文字
第四比賽
frank123ya
chineseliou
shangzee
時區
Calendar
kaan888
沉重
矮
richer23
但離
不開
元素
y2k500077
ipqchen
同意
服刑
1880
歐元罰
stat
失分
扣款
質量
柏特
johnnyzhu1
葡西大戰
賽去
美食
酒暢
飲
瘋世
pttnowash
花邊
TNT
賽先發
Alasio
爆米
花樓
jpxiaomei
bennettChen
談沙
那晚
心安理
這討論
足球群
組公告
laymor
年國際足
商列表
kh0305
叔叔
好成
Mondesi2006
參選人
中下注
cicity
power5703
chenga
囚犯
巨星間
荷甲天
王大
近況
迥異
亞德比
最近
十屆
俄進
大多
俄沙
stussy
遭點
kingking949
很頭
沙拿
Salah
可鬥
adimit
訂閱
looks143895
賽群
組討論
呈現
Mod
準謀
預言貓
戰暖身
姚文智談
SHERLOCKZH
finn138159
有訂
文規範
aqua25113
bigdie
音量
聲音落
差太大
HAMi
自尊
心炸
一句
激怒
螢可
五台
符合洲際
期待值
jasonnccu
fantasy
最常
被問
sslah
1994
配樂
a047752832
load
haha168866
youtube
Dragula
電腦
可裝
刺客
vogue38
署效法
拚百大
Fernando
Hierro
雷耶斯傷
給雞兒
紅燈區
停業
並不理
輸球會
蒙陰影
戰不敗
開紅盤
瞻
紐約
時報
周定洋
機師
閃電波
特自稱
粉
能率
新篇章
第四台
非原
巨星爭
Ranking
skysix
運動包
因凡蒂諾
開閉幕
沙地
下盤
siriussowhat
強點
將錄
檢閱
大門神
lthewolf
無論
正全力
sonicboom
CD
初戰
十大新星
洛佩特吉下
他國
美加
墨主辦
hareruya
檔案
關門
mizn
流量
暢覽包
隊遭
率僅
a49061854
北韓何
marxOO
這七張
圖表
ecloud
大閘
吸取
教訓
candynana
resale
禁不雅文字
文規定
緣何
高規格
愛爾達秀
四
變革
looscfor
金正恩訪
俄路
鋪平
朝鮮
金永南將
奥地利
sky880426
SuperModel
抵達
Elland
Road
六月份
不禁
威爾斯合
WOWDTDT
a228414779
好弱
金感心
′
`
SAU
06.09
總拒
冒險
突取
消與
列友賽
好爽
全國逢
376
最昂
貴球
機密
非公開
集中
演練
敢夢者
周五返
yiyin330
陷招
妓門
狂招
連開
MIMORU04
直衝
僅次
c98406023
gentlypig
雜誌
學家
概率
賭球
出首戰
職業化
現況
大檢視
Luftwaffe
貴
擴軍還
固定
班底
阿根庭
ENG
NIG
History
週
因無緣
一萬
命門
頑疾
薩拉肩
傷估
趕得
埃俄生
死戰
biglegolas
isurrender
這兩天
板板規
2014.6
修訂
改配色
臨時
添利多
頭號
stacykuma
計時
決將
大遠百
愛將
奇誠庸
猶記
將畏懼
搶球
主罰
恐無緣
克洛普親
傷情
isaac0204
M53
1E
2F
Cat1
沙拉傷勢
恐錯過
帶頭衝
猛虎
勝宏
拉斯
將登場
列部長
擬禁
巴囚
註
准
蘇
茲
ELEVEN
資訊台
運好
度征戰
能圓
stunning
moments
Italy
shocked
by
South
威爾史
密斯
賠售
M46
擔任
FAME
大意
出練球
年輕
留憾
搶金
俄人
插手
威爾斯
zusa09250
過時
pucca068
票務
輕化
三屆
老臣
香川真司
落選射
手怒
退國家隊
親口
手腳
各國卯
足勁
例行賽
不先發
初選
莫拉塔
不難
戈蘭
可組
支世界級
人才輩
出要
返榮耀
搶先
Ｗ
Ｃ
守家線
上線
未入
詹姆斯學習
超強雙
百戰
許丁茂向
買春
有教
足球官
網列
China
防老化
乏力
陸客
俄遊興
不減
爭王
TaiwanCHN
門神長
期
這隊
tpa003
轉售
住宿
Hotel
Sokol
ZayRowz
有人票
葡雙強
mimoru04
justinlu
訂票
這首
抱冠
昔日
常嘿
Xucy
舉過
2009
憑
講機
龍主
艾維斯
隊員們
變味
遭打
他太獨
組晉級
darkwave
寄出
許久
六月
hidog
FlyCho
ordinarycool
四張
14FIFA
已售
北美
暗示
反對
國會
sn245763
啤酒宵夜
小龍
蝦價
飆升
板務
左岸
田調
暖身
戰用
球上
太空
ZachCollins
兩元絕
釀禍
輪回
照過
那裡
日開
除洋
改由西
野領
騎鐵馬長
征
外交部籲
注意安全
sunnyx
預覽
南美足
聯已
提申
raphael0926
FIFA18
日下午
點開始
aronkao
勝過
低頭
防什麼
下令工
俄特工
中毒
英大臣
美墨加
改組
riggt123
賽倒
數破百眾
星雲集
普廷克里姆林宮
貶低
louis90911
rocky123477
驚訝
影像
助理
宣言
八巨星
新八卦
擾
淪恐襲
下毒
將空運
食物
籲眼睛
monkey6
kobebryant08
Guest
yoyomv
代誌
大條
dr2915
將引
進視頻
今夏
將亮
放心
安檢比
機場
還嚴
陸再建
萬所足球
特色學
這東西
將鬧
辦世
俄禁
藥門
波及
以解
穆雷
命
演巴薩
拉基
怒懟
鐵定
三戰
運佳
樂翻
害怕
強于
迷們
配置
撞車
旅隊
連想
因政府
每人
1200
艾利克森
第五度
魯進
產生
harold1018
指假
網
民
口
氣
碎
加雷卡
帶領
壇大地
震
牽托
汙
案
割喉
遭令
軟禁
月份
Jeeng
成疑問
網址
強預賽
簽出線
太容易
信息卡
granderei
中票
該衝
否
WINNERPUMA
懸崖邊
參賽隊
年後回
yoshlight
託
人代
布
馮告
別國家隊
意媒
文圖
經辭職
FINALFALLEN
四大金剛
湊成
分檔
初定
十月份
江蘇
含金量
周定
洋確
認具
國國籍
土
規格
保障
消停
日戰
評估
將損失
多爾
搬石
坑出
誤判毀
智
幽靈
曝智利
控南美
勝保加
區率
球大勝
挪威
敘利亞
九月份
今早
關鍵點
王子涉
權爭
黑幕
北美三國
十問
美三國
違反
今夜贏
爆頭
虐韓
吞首敗
保小組
繼有
臀小姐
要用
第五支
由外
鮮肉源源
不絕
點評
洲際國家
俄羅
退紐
俄遭
爆服
沒輸
過智利
無妨
會帶
柳
布拉沃
戰連
智利勝
晉決賽
超兇
菸
竟飛
葡盡力
時來
運轉
智利爭
輕世代
連三年
奪大賽
智利後場
送分
球小
青春
來襲
抱回
首隊
全程
聯
紐
AUS
搶鋒頭
度破門擊
小角度
小覷
頭球
佩拉爾塔
超狂
項大賽
親吻
女孩
青年
壯年
領軍鎖定
度低
遭澳
高奏
凱歌
晉級明
滿意
隊血戰
賽看
告愛爾達
敗訴
加破天
荒合力
新帥
枯
外交
移師
遭撤
要辦
官媒避
不談
贏韓
沙立碑
遭陸
狂酸
擴軍至
單刀式
支球隊
已表示
將回
歸亞足聯
主席警
告川普
有入
境禁令
韓再戰
陸萬名
警力
起頭
皮給
賽贏
這賤
保利尼歐
b95170088
玻利維亞
酒醉
發聲
Club
違約播
人練台
生判
陸企參
承建
lartie
大平台
擬增加
俄體壇
陷禁
藥疑
不收
改制
五大方案
獲大
盼用
加合辦
太好
高官
競選
聯盟席次
苦戰馬
其頓
伊莫比萊
聖馬利諾
U17
國殤期
重新設
設計者
享
前國際足
郝維蘭吉
百歲
高壽辭
阿奎羅無緣
寄望
將破
徵招
旅歐
哈利勒
宮磊
啟動
英客場
拉波
特改
披
淺野
拓磨
今井要
親眼驗
貨才
涉不法
總將
革職
披薩配
余政憲期
勉
日籍
徐太宇
引戰
汗水
取代口
自肥
8000
左手
指骨裂
保密
球輸
負柬
已向
能辦
享免
簽優惠
宜票
16%
gogolct
涉足
總收
賄案
宏都拉斯前
勝卡塔爾
晉身
綜述
強全產生
球奇
終輪
外勞
遭虐
付出
碰上
貪腐
強抽
未付
昌源擬
區附加
有萊斯
特城
肅貪不手
軟
兩高官
遭禁
改革遇
阻
審計
怒辭
緊急
安貞煥
朴智星任
U20
宣傳大使
FBI
上工
先跟員工
德總理
透明
自承
系
賄選
南非否
認靠
將中華
南下
通牒
點前
撤掉
港足
緣盡世
拂曉再
任期
無異議
通過
擴大規模
BasebaIIGod
瓜法
迪士尼郵輪
逮
不必
行賄
傳主席
始終
恆大晉級
準決
巴薩抵
五冠
河床
競技擊
退廣島
三箭
巴薩少
打緊
蘇阿
帽
南美三叉
戟
歸位
勇奪世
仲裁
法庭
2023
獲獎
總前
引渡
美受
不認
收賄
沒出
DVD
英凡
提諾
擔重
振聲譽
球惜
嚇出
冷汗
緬甸
五戰
耀
門票售
出近
萬張
伊難
陸港
舉牌
噓義勇
軍進
行曲
恢
bokkta
重重
戒備
中港
coaswrt
四天遇
驚魂
平香港
官網疑
駭
連香港
官媒
噓國歌
加倍
總年度
競選足
受阻
禁足
大龍頭
改革持續
傳德主辦
賽買票
爆醜聞
6.5
兆
變綠洲
法院
駁
勛
鐘
崔真
港陸足
布拉特承認
內定
unamanzana
贈票
買來
中立場
余政憲
泰國壞
看光光
將銷售
一空
不丹
戲
離奇
iris5562000
心人能
客隊
多票
頂進
吳俊清
中華戰
萬席
熊抱
罷訓
一千天
啟動計
時鐘
北半球
殺雞儆猴
終身
女足賽
珍珠港
掀戰
台生
大韓
鄭夢
準擬
參選國際
足聯
zkowme
預選賽
中好
UDN
大位
父子
打臉
戰香港
點半
挑戰強
敵伊拉克
惶惶
何時會
亞非力
傳布萊特擬
CarsonT
泰台戰
女隊
遷怒
覺醒
中泰戰
贏棒球
如膠
似漆
賓士
最富
＜
平均值
年賄
選辦
付南
150
猶帥
怎能
不愛的
多存
170
刪減
大戰要
查國際足
總弊
端
問布萊特
vans726
恐免
遭約
manchester06
印尼
日首
戰取
索票
布拉特宣
恐重
cchou
擴大
犯持續
揭發
無辜
竟付
封口
應戰
jerry0926
積分表
證實
弊
連環
doraemonss
已徵到
臥底
揭行
賄證據
韓日
太可恥
再生
揭腐敗
印尼泰國
越南外
勞多
k99t
曝假
球案
餘人
台將轉
移訓
拘捕
聯高官
弊端
警方查
扣文件
發言人
害者
總高
私吞達
捕高官
含華裔
總下令
名涉
貪幹部
控千萬元
布拉特難
逃法網
先連任
蒲亭
阻止
連任
美調
查人員
世界足
總腐敗
猶如
促國際足
以色列
車禍
遇難
同車
喪生
李勝宇
‘
歐足聯
處罰
帶動
張武業
不滿北
前世界
小羅
曝今
新主席
滿政府
法案
科林蒂安
聚會
遇槍擊
檢調
清查
理事長
林
沒接
隊應
不受
比賽者
重判
獄禁
傳放水
次輪
不變
總掌
barramit
汶萊比賽
博斯
辛巴威
汶萊猛
金新
戰火
賽期將
恐燃
新戰火
幕後大
中華足
開創
外交新局
修法
有解
大振
總同意
支付
哈威
曝以
身份戰
英足
總放棄
組織
參加裡
前罰
作廢
聯新
字幕
標出
主業
無賽
可辦
境地
charlie01
獲證實
將獲
sampsonlu919
不補償
沒補償
英足壇
季連入
成五大
feifeiyo86
日戰汶萊
信義
天為
腿傷
汶萊不上場
將主辦
多管
chyihrong
汶萊破門
鳥球
燈光
放人
戰汶萊陳柏良
北美足球
theyang
十一人
中北美區
大洋洲區
韓殺
入亞足
豪言為
亞足聯
需開會
修改
提案
涉及
假球案
日國家
遭解
雇
a0928095561
恐只
騷亂親
歷者
打仗
象牙海岸
殘骸
下落
查明
半年
專案
追加
Norwich
全權
籌建
住院
引起
騷動
黑馬力
壓亞亞
圖雷
女足里
國同組
勾結
英國爭
bingeorz
足球壇
大潛力
股
改賽制
賄選案
RVDmania
加西亞
適當
單挑
接力賽
車王
深圳
四國賽
我要
得獎
當仁
獲國際足
受影響
普拉蒂尼力
挺冬辦
挪至
領取
非足
聯證實
杯將
赤道
幾內亞
團不乾淨
板主
Asia
墊
底隊
獲歐
首積分
g22332233
硬幣
限量
發行
服飾
強正式
暴亂
員警
棍擊
Yenfu35
索尼不玩
總贊助
商換
超勞爾
獨居
施蒂利克
聘為
頓涅茨克
遭武
裝份子
佔領
老家
取名
辣妹播
報員代言
赫爾城
將正式
Official
Says
Qatar
Is
Too
Hot
Host
執委
thineman2005
jack29556446
徽章
提起
訴訟
整周
tabuseuta
借發
徵召夏維耶
永
消散
sunny5566
刺青
遭槍
鄭夢九
發表
新方案
挪到
春天裡
火焰
伊波拉肆
虐
塞席爾
拒獅子
山選手
靠槍
手能
Ohlala
熱拿亞
拒投
特刊
garfieldxx
聖保利確
認將
智利隊
運動仲裁庭
WSzc
Great
神國家隊
灣第
179
近史
低點
職業級
證照
信安足
kobesniper
Rocking
willy50307
Alonso
阿隆索
40LIVE
歐美制
別想
小羅加盟
亞足
聯公
杯足賽
射殺
野狼
制足賽
犀利
五人制
首個
禁令
訓
首批
U22
U18
霍華德
打輸
民與
女團戀
雅虎
將求助
神醫
梅蘇特
拜訪
男籃
人制
Guillermo
Ochoa
加盟馬拉加
laclaire
眼殘
減刑
單日
狂賣
高人氣
阿吉雷
誕生
離職
男女
足頭號
toputitina
德羅巴
八卦版
沼澤足球
骯
尺
英副首
俄不應
silentforce
強以
契爾許
賽陰謀論
CKHzz
ch25
傑拉德
自國家隊
matt0214
已達成
頂傷
孫尼瓦受
已經落
門檻
調降
簽約
sivhd
自述
容電暈
最愛吃
太瘋狂
缺角
掌兵符
痛批
獨裁
如北韓
續掌
林蔚
山年
2400
扶植足
sog
jadenancy
娘
揮別
傷痛
溫馨
小鎮
童話
Eibar
熱朝
恆大足
大舉
招生
希斯菲特
東南亞
菲律賓
前隊
執
多晉級
罔
顧
拒看
惡質
論球
基石
突破外
交困境
Top
kuso
玩壞
缺口
需修
克洛澤宣
我頭
look1225
ishiki
球卡
PANINI
PRIZM
pudding86200
楊惠君
一會兒
做愛心
獎金全
捐給
病童
Severine
shulado
cmj1201
MacGuaiver
surfinglin
拉姆將
歌的後續
免
遭撞
稱霸富
比世運動
Kyler
captainmm
導師
青蛙
啟示錄
xxxjain
點問題
需克服
將接
掌
WORLDCUP
HIGHLIGHT
隊慶典
玩策
赫迪拉狂
呼
阿森納
之城
皇家馬德里
Real
Madrid
agree
$
107
million
Rod
梅斯隊
沒落
idou
def1024
英雄格策
突照
超爆
Regiina
佳
全國
一半人口
人運動
男神
大奇聞
QoiiwWe
影城
斷
迪
·
斯蒂法諾
拚足球
下一步
引退賽
超支
感嘆
Penalty
Kick
分出
kennyoct19
最神
撲成
iamsamlin
開端
exile14
歐媒
夾道
下半年
隊獲
發牌
jerrystarks
Oliver
Bierhoff
mibo3131
一首歌
帶大力
凱旋
選票
公主
dogshiter
這件
好玩動
落後過
春
jimhgame31
Ｘ
Ｄ
FIFA15
帕托
傳聞
征戰
籌組
強國家
人二次
室
Shuoger
榜數據
vievie
imgay5566
拿金球
千多
萬人收
熬過
病苦
小巨人
巴薩加入
爭奪
nut
提到
某毒
舌
還沒掛
靴
團美艷
隊凱
數十萬人
承認
獲熱烈
JiJi9527
不哭泣
空巷
熱迎
憑什麼
姐
Karrous
會期
whmclschuhw
耕耘
完善
青訓成
一冠
netjedi
往前
拚命
簽署
拋棄
殺豬
小馬哥
阿圭羅早
老人
wuliaude
jffbeck
生長
激素
侏儒
變足壇
巨人
選帥
上克林斯曼
穆里尼奧力
別罵
超九成
阿媒批
Glorymatter
時差
hasheesh
tabris0122
九月
神告
別賽
荷風光
coolcat
明道
國小足
小子
上海
人才濟濟
幻球隊
公開會面
伏爾加
河畔
展望
坎
四度
樂壤
奧運足球
隊得
那粒
stillyou
胸口
停球
alan2579
rex472002
宴
爽握
GerardPique
496
coagulant
內會
滑
forwardgo
Mirosw
Kloze
未展
手本色
圖解
敗戰
人民重
現實
獨大
ggsk2
hhwang
夯
remio
Koulou
遭殺
害疑
博斯將
吉尼斯杯
眾多
稱呼
獨有
坦言輸球
交棒格策
克洛澤風光
球飲
honafire
cbabc
競爭獎
d59203z
警察放
瓦斯
接棒
十年
xiaopp
吐槽
臭
本周
隊效力
將重播
動畫
蓋
強個
mauricew
大不大
孔令輝
解讀
德足
太依賴
號還
MESSI
大盤點
171
球平
唯一美中
movieholic
mouse800819
這女生
白衣
身而過
仍以
沒拿獎
拉諾痛
縱橫
榮膺
天真
軍悲歌
收尾
avex
想終
因痛
失關鍵
lcall
小波弟
玩球
littledarker
撲救成
功率
85%
榮獲
Prestige
度贏
prince
神算
南美土
一腳立
瑪利
歐留
青史
主審傳
人作
嫁
外流
wiwi8031588
沒必要
vvvccc2d
nancynancyli
總集
GoodElephant
簡懿佳
hundereins
elenar
愛璀璨
CBC
負吉祥物
之名
91.6%
Rivendell
送給
三連敗
拱手
讓給
厚顏討
噴雪
瀕破產漢
變富
翁
大難
孟加
費時
工
超大國旗
deann
smallahaha
GOTZE
abe10
足球熱
可樂罐
第三次
還了
wingpanda
kevinyeah
老爺爺
QueenJames6
熱敷
好熱
MrLazy
slackers
女王
早換
阿奎羅上
wincecarter
狠話
撂
回國後弄失
總靠
aazz32520
兩德合
perpetual
goingtoofar
Tardis
賽以
bbs007
reDQ3
ROC
一月足
harry901
8888p
多多
Asics
wiz94156
guanshiun
lightpisces
111
賀圖
網上
我畫
kai530
raportvc
lanewMACA
momo0723
銀靴獎
銅靴獎
出來面
周旋
NewCop
戒賭
Nistelrooy
JUSTBET
珍重
拿下
第四顆
LINPINPARK
ARASHI5X10
Karling
ujjgeok
nsk
007
維埃裡
巨頭
yes8310
uiouiouio
發言請
注意板
規謝謝
xheath
busyer
jerry9988
賽印象
xmaxwu
xiondd
閉嘴
CLOSING
CEREMONY
bluesmilela
e73103999
世界金
kenny781558
spadek89507
kkkkdragon
高畫質
kct0213
Soxx
幾任
W
德阿對決
攻防
慢鏡頭
膽寒
撒手
鑭
擁
百億身
起底
急改
列出
felaray
自私
千萬人民
lenohert
la
bodga
交棒
madaco
PART
baggio1029
台會播
或維持
NoCode
sam77898
hotqiqi
japan428
競爭者
德是
kobe
沒選入
小羅和卡卡
wendyclamp
確切
ABC999
yoususan
DareJ
領軍抗
雄師
別人
g243536
當機
接四星
kobe7788
第六是
h41413214321
走季
挫底
強多
deeptree
種玩法
in9ma5566
賭性
有份
場記
一則
西德
feicai2
gzh
市長
曾立
誓
自殺
假新聞
自封
王影片
流出
WANGMIN
forveritas
當主審
小心點
腳下
功夫
laijacky
教工兵
印
第安部
不光
r78213
RAWISJERICHO
賽實際
離記錄
戰有望
野火
狄馬利亞
saaaaaaa
喜滿客
篇
merton910
荷巴戰
請大師
解惑
hml980313psu
肯定
sam1115
西蒙尼點
一致命
yuweila
少一位
會差
已露
疲態
賭上
best306022
蹲
坐大門
修圖
瘋傳
丟球
數創
魯伊斯業
scotthero
世博戶
TAKE
Ramires
永難
巴荷
PICnow
留言送
好禮
GodOfPtt5566
krara
血腥照
模特兒
卜
中路
碧根
鮑華
別理
willy5212
riccardo
終
賽後臂
章
調
mcbeee
今天要
變英雄
隊之日常
主宰
溫情
人全
拿季
軍療傷
沒本
過度
依賴
colchi
Don
t
LamLooIng
戰狂
acebank
supreme0731
強得
bergcamp
但頭
willyt
JasperCillessenSitsOnThings
不振
SmartDaniel
兩戰
淨球數
彩卷
中退
休
臂章
Almostcrazy
幫夫運
太太
所面
包去
z5419
allanyh
ShengX
光頭哥
強了
海撈
未成
學子
蘭巴之戰
回世界
傳唱全
一試
再試
歡樂諷
ymhon
巴阿足
球恩怨
國殤
高嘲
參加亞
聯杯
土地
GH33
力爭
以不敗
phoenixna13
市有
3rd
地球
金線
不溫
不火
戰車
海龜
致信
訓練營
並接
採訪
corner
0111
非無可能
須
孝順
愛妻會
柏林
義籍
戰主審
人居
防形
同虛設
啃
肋
荷青年
軍應戰
找舞
女慰
輸球後狂
歡影片
手下
留情
最接
近神
男人教
皇表示
dustfaerie
薩巴萊塔
意會令
德阿之戰
norako
Podolski
親征
掛病號
襲擊
可免簽
BSports
ciass5
aoi
人愛從
感推崇
kimkimkimkim
用不用
荷將帥
同調
球票案
人惠蘭
逃逸
iammyfriend
假傷
進醫院
青不見
懷疑
真相
march0331
拉姆有
NTUSTking
德阿決
賽大戰
傳累
小飛俠
提
jamie5408
迷來
zzzz8931
最乾淨
全過
georgew8638
北看
賽地點
西媒
bluestaral
中弱
哀嘆
巨大
橙色
Forever
never
盛不衰
小村
荷巴之戰
pig12134
十個
Jochenklasen
也許
意大利主
裡佐利將
燒全台
成學生
盤口
賭害
利多
老弟
原諒
盼奪
法文縮
咬人蘇
Sonia1022
沒換
跟馬拉度
girlwe
有人覺
會大勝
dukechiang
將親
臨阿德
灌球
隊稱
應對
爭奪戰
抗告
遭駁
bikevts
有公司
體恤員工
師
d9637568
淨
億國際足
跨夜
打亞冠
bosskiss00
Kobe105
德發
現治
之道
德巴戰
skydark
dasga
防堵
陣隊
不在乎
不死守
sam9595
Aguero
隊登頂
難留
吉拉迪諾
穆里奇
人批
德阿決賽
wfelix
驗尿中
mayaman5566
大學
時期
big055015
背後藏
咬人
拳
王泰森
衝動
rappig
蕭敬騰
比賽過
qize1428
小店
搬光
jamod
會僅
ligin
qaz5620
藝人大特
宿敵
傷口灑
鹽
法假
比如何
AXOXI
再辭
謝罪
EnochJ
花蓮
傷後首
泣訴
小孩子
阿奎洛盼
避
覆轍
慘絕
寰
肛門
封堵
老馬成
剩一步
變廢人
rockkung
周日
聯駁
咬人案
這一刻
成真
博弈
jojo0611188
一賽
將出席
史耐德難
服氣
MeloKing
hank7202
李白
LadySecond
aceliang
Mascherano
I
tore
my
anus
總公布票
房收入
撈
千億
wade0408
newPipe
redoil
足球歌
語
Selfie
Shootout
purdindog
hcju
醉漢押
中德巴戰
5333
萬台幣
走上
勇士
稱進
費萊尼
剃
棄個
人利益
感染
Y1999
吳宗憲將
僅一步
之遙
高額
suzyn
季軍爭
奪戰
Lattendue
評析
難忍
少女
吊
懷舊
1930
world
cup
荷阿之戰
ceaserman
友賽
德多
ru04ul4
洪明甫
閃電請
靠隊
人撐
1080p
avonchang
尋找
cl3bp6
Oreal
代言人
superwen
關於版
真殘酷
磨刀
霍霍
原良
籠罩
陰霾
健
gtyuio
其技
hisyen
jack5756
blackmamba01
週一凌晨
新北中
摩鐵派
教宗
po
最無聊
英報
刊印
擱淺
ancientchina
windhsu
uguf
CGT791230
sontocant
咱們
打牌
意義吧
cheerking
陰謀
怎麼查
heal55
戰好
eno1222
aidao
Bing
火藥庫
Movice
PADPAD
捷克
papatype
艾爾達
沒有關
ungerecht
感性
輸球後安慰
摘冠
決勝負
好期
阿德大戰
幫國家隊
小學
延後上
正規
多慘
eirose
關於范佩西
萌萌
遭狂電
火哥
台棒球
輸中
qlz
逐場
無冕王
爭冠勝率
爭霸戰
alex1212boy
不利
mikayu
近年長
傳吊中
戰展
美技
總高額
Romario
領導人
關起
hirok
甩臂
或動圖
HonorCat
12.8
億自蓋
秘訓
直擊
alibuda007
師徒
壘
梅洛
感恩范帥
過的
這一關
nash79520
jesse090828
賽後小感
比埃爾
霍夫
眾所期
雙方將
金箭頭
默哀
chipper2100
z2oiidxii
超期
待德
終於跑
krajicek
TimeZero
ss456985
本本
告負
出過
holdyou1009
期待德
四進
宿命
荷阿交戰史
橙
戰僅
lobun
介面
這一塊
yoyo7538
jon8956ppp
octobird
出工運
談足球
工運
saintlin
邊審誤
判會
wei0918
hi
channel
好悶
a284284tw
臨時盤
依舊持
德巴大戰
3500
萬則
灌爆
tkcaesar
世運
多熊
德巴準
第五球
飛達
輪胎
足球營
王麗雅擔
任足球
盒子
平史
Wencube
IdiotMa19
fb
兩大法
寶可助
擊
hc092591109
一正
一邪
一王
一霸
誰勝
別氣餒
感人
ccfred
囧
vavamk
zephirus
超熱血
Vamos
vamos
全民淚
輸球定
250
B4MV
JIUNPA
觀點
FatQueen
CBF
手型
三本
柱羅曼史
純愛
強暴
婚外情
takizawahide
beginner2
報足球
連進
創前
無古人
無心
眾將
范佩西腸
胃不適
人道
drogmn
創下
多項
米
內羅
成恥辱
失落
misse
Beanoodle
國球
fo11ow
cattle0906
被電
重撥
改革
永遠別
hellokidding
彩迷大
JimOBrien
Frio
大軍壓境
攻守
失序
隊淚
恐拒
國而戰
godend
隊幾乎
最大敗績
新多項
教皇
請別
哨
著名
將半
變訓
練場
南美其
國主辦
peter610479
酷朋
3d
斯內德
敵視
越多
潰不成
嚇傻
不來
碰觸
門柱
奇文共賞
勝之不武何
王者
之氣
戰役當
滯
帶護
脛
台南
荷迷
naruto406
麥晶明
mithralin
mode1224
號要
防暴
警察護
全靠
將戰
荷隊
腸胃
不適
好勝心
樸實
英九憶
國元首
全員替
mimijump
GOOGLE
hn13309482
關於屠殺
二字
vu84m06u
公車
遭殃
爺
blessthefall
kg19921122
能助
太差
cc4152
JAMES0128
只管
avivagirl
embc05
JessKB24
翻版
w0420cc
快腿定
江山
籲
漸
發酵
燒公車
洩恨
skyhigh45
kuochieh
賽全面
暫居
啜泣
聲中
2011
沒忘
內舉
避親
優秀球
恥中之恥
交保
狂喜
輾
德展
真誠
同理心
五星
絲
7.1
有據可循
防崩
嚇到
sss1234
低谷
可有
人能
低級
喜勿入
荷西
iloveaaa
loveeve
閒妻
擄
知什麼
賽遭
焚燒
開槍
未前
空翻
左腿
baconcsie
哪查
jameshu0910
屎夠
但別
HellKitty
巫術
三熊
皇后
國王
臉綠
kikadonchiu
惺惺相惜
波鬥團隊
狂勝
雙手
比劃
cayou
創多項
ROCisChina
太超過
Turbine
神龜
鐵口直斷
將勝
PttJoke
PS
已出
目擊
可下
床步
身同
windowhihi
kohebe
小輸
還比
bahnhof
CGary
Pony5566
一則文
破重
一覽表
liabaymo
Finarfin
Toni
wwoo12345556
takahashino
hohok1911
narcimeow
指教
chownan82465
我朋友
靈驗
KT7
隊為
優挺
淫戰
lkshfish
遭德血
一夜
vanilladream
ivy7921
kingfire
面子
mantles
Pilipaul
luv5566
新台幣
sillyme1537
Capslook
隱形紙
莫名
感傷
這一夜
代發
徵到
robinkidd
老笑
改編
狂熱
股市
gaiety911
tyuwai
隊上
derek7621
black102392
takugo
措施
leo0057410
曾經
隊們
隊送
shark64
posadalalala
pusipusibaby
Dante
aisyee
動圖
vboyssean
maxduan
BIGDD
輸得
冤枉
Gustavo
k45446123
limitersty
fatjoe
加開
Xersei5566
禮儀
隊員要
限
skills
勢必
已定
太痛
夠出色
Ezequiel
Lavezzi
poilt
vvvlove5566
清華
演講
應來
決不可能
kurano
2014WC
自繪
單圖
沒差
內瑪爾
斯柯拉里
timwongtw
前古
董票
老翁
戰夢
tsao0104
天母
士林
這那裡
路易茲領
戴隊
背章
≠
面具
迫換
騰房
Vett
打針
足球成
種人
pupuman268
這幾場
家配
足隊
逾
超萌
立志成
寬待
寵兒
平盤
半球
英國衛報
前排
大秀
魚躍頭
喊冤
破壞力
繫
為師
必死
決心
qnancy
指定球
blake10335
老東家
留人
zapata
代班人
傷到
eric8260
簽名
上噴
LBJ23
凍未條
dan2312
兩將
歸隊
德容傷
愈
望戰
tim960081
Van
飛翔頭
搥
鑄成
sdanielle
球員卡牌
四格
wolver
Tomic5566
心戰
不道
supertyphoon
場均
5.2
拼冠
挑大梁
總不准
黃牛票
必進
大理
不罰傷
Beingfree
間
很大
核心
恩
貼
成長
凍齡
怒譙狗
Tdmellom
交戰
ghkckhg
world4jason
日裔
將選
度春宵
炮
超限度
kizuki0315
panted
桃園
巫師
作法
施法
rr8907010
熱血球賽
無家
中作
tlm
板聚
第三彈
拒罰傷
拿球
迪斯蒂法諾
享年
勞爾
擔子
小博
阿滕談
弗雷德
並不好
不顧
挽留
年輪
作
1V4
鬥紅色
城
Willian
補上
憶
1978
血戰
嚴罰
虎視眈眈
隊不夠
戰勝負
球間
許志祥默默
耕耘數
高灘
新北
市府
允
中信
領隊
李文彬
大學足球
校隊
曾懷
Sigama
屆準
Yukirin
能當
如少
跑過
集結
拍微
排球
nicevoiceman
單人
追球
正熱
大選
拉票
NTUST5566
小手
PaulMCartney
verybiggun
注射止
痛劑
a1282
kjy6665
痛失
巴拼德
荷尬
考驗
強心臟
chanjay
姓
名學
resiar00
克魯伊夫
法恬
知恥
纏
小豬籲
雜圖
心機
高人
還不夠
女護士
就醫
解雇
未死心
盲胞
解說
hayato917
承辦
WUCHACHI
克魯伊維特
依然
強勁
進半
初級
機構
封印
誘敵
刻
一版
weiweiweber
胖胖
Pizza
Verhoeven
再練
經驗值
升級
塑膠
椎
上周
看法德戰
率創
賽感
化敵為友
往後一倒
遭惡
附連結
將永遠
建奇功
大呼
美夢成真
晴空霹靂
替身
缺戰
強預測
置底
閒聊區
same60710
過派
專門守
只輸
retsuya001
釀
悲劇
刺傷
Paraguay
THE
MOVIE
●
Two
Legends
One
Story
發飆
懶得
搭理
歸國
贏波
教宗方濟
保佑
星期
一招
後將
Ferrarin
真棒
守著
這五球
眾人
齊聲
痊
浩克
YYOO
好帥
沒得
買車
zfksonerk
bookwormJ
手冊
昏倒
recount
fujikawa22
Ballanche
所傷
yulinw
超會演
暫封
zouskin
雪上加霜
添
競技
崇尚
個性
自律
希勒森事
ReiFu21
starway
奶女模
闖關
普通
神話
來臨
編
紙牌屋
床戰六小時
開辦
南足球
老外
楊飛
活過
役
迪馬里亞
jack
Aburo
stockton88
lineagekenny
頭大
beckseaton
哥斯達黎加
Aqery
夢想
wmsky
下周
辛普森有
娘子
看神
ug945
viodin
nopressure
謂
kea
最令
喜球隊
phoenix2350
轟巴
賽為
tuv3139
做夢神
ivanos
每個洲
LOWJ
stanlylu33
挺德
散心
曬
denny255039
CRC
joeylinpc
哥是
UFWC
deity00
傷後
談話
流感
警報
解除
默特薩克
因病
右腿
迫不及
king38538
已能
走動
BverwGE
rgtms
傷人罪
魁
祈禱
xd
比首發
爾
封神機
supermars
回朔
natto810822
bluebugi
中獎
記入
ghast159
精采片
次日
gioiechang
崇拜
雙羅
gioiechang3
雙箭頭
員
2.7
億獎
金捐
出濟貧
殘陣
能量
贏取
最怕
南
舊
港區戶
外大
BEL
Lawrence1
孔帕尼
birdbirdy
legendd
香蕉球
脊椎受
重創
PO
Puma
excimo
CHISN
whangwang
aqme123
mitntu
僵化
Shalone
未明察秋毫
konica42
wangwang
多加
幾位
使命
劉恆亮
尖山
A1an
寶特瓶
酷變
阿比戰
梅開
賽存
活球隊
供
應求
LOVEMOON3427
小抄
平民大
ACC810919
脊椎骨裂
光影
我希望
諾依爾
中午
苦撐
悶到
難以
摩納哥
瞄準格
baaken
allen325s
布逢
底強
abiann
猛射
淚崩
豁出
之痛
驅動
誓討金
成隱憂
傷損
兩大戰將
邊有
幾台
攝影機
艾扎德
SeanBean
坐二望
稱非
ireo
antyk
luigiyang
aimar21
大衛
路易斯
風度
飄移
落葉
Luis
twitter
巴哥戰
推分
布圖
windmagic
姓名
野蠻
竟過
半百
Rubio
說勒布朗
weijiunn
飛撲
分飲
椎骨
骨裂
籲美
牽拖國
旗色
花號
nucleolus
hellohsing
名模
輕虐
隊一些
dekirin
球擒雄
屆晉
k58903040
小弟
盡
心力
之拳
COL
AlbertSpeer
tvbs
人專
流行
love5656
米拉大叔
Ackley
bernard0929
水壺
一大
muse1628
矛盾
藍
辣
俏
討
進前
勝法
lynnjure
剛有
許願
贏就
yulonlove18
隊陣勢
奈政府
干
預人事
恐遭
以法
為名
童名
肯亞
打得過
老神
制敵
juju1991007
護隊友
當假
號也
OK
FRA
Lykarox
消夜
淘氣
扮鬼嚇
龔元
帶國旗
交火
避衝突
分兩地
poopooTaiwan
激爭
法德大戰
fs558822
令休
假半天
日媒稱
中足
沒理
尚早
怎沒派
富西雷
醜不醜陋
無所謂
非戰爭
比賽後釋
全心
賽真
asdxyz
德法戰
賽轉性
回民心
boomerlife
竹東
賽戰
公務人員
帶心
短評
相遇
浪漫
理性
不缺
荷墨
戰士
面戰
cnu2006
賽南港
店家
handfoxx
競爭
手耳機
摩納哥隊
非賣品
賽硬
箭頭
絕不笑
警惕
peggy777
SONY42
巨乳
脫光
vincentsoon
大大
a1231523
桃機
T2
會播
雙雄大戰
主吹
阿瑞討論
包袱
超人氣
Avicii
特別強
號爭鋒
稱性
慢跑
不縱
peter080845
加大雨
比國門
西瓜皮
廚師
刀工
半天
首日
alice09
海豹
球方式
Tcap
陣營
九宮格
日足球
將寫
戰世
高橋陽
駡
誤認
時該
排陣
乳摸
bioideaking
首面
tiesto1114
NTUCE
應會
drownfish
大糟
糕
青客
名全
肉腳
oz
洋將
家人
暴怒
隊員
SuLiaen
可不可靠
雲端平
推算
直奔
療傷
就位
神準
財
蘇神
情趣
夾開
Mclovin
範圍
惡癖
愛挖
腋
下聞香
richjf
府院
蔡力行
大亨
影院
